participant_number,variety_exposure,language_condition,social_cue_condition,dialect_training_condition,dialect_location_condition,order_condition,speaker_gender,additional_languages,language_proficiency,age,participant_gender,fun_rating,noise_rating,start_timestamp,end_timestamp
1,variety_match,standard,0,0,NA,RS,male,english,5,27,m,3,5,2019-04-01T15:30:09Z,2019-04-01T17:49:02Z
1,variety_match,standard,0,0,NA,RS,male,japanese,1,27,m,3,5,2019-04-01T15:30:09Z,2019-04-01T17:49:02Z
1,variety_match,standard,0,0,NA,RS,male,mandarin,3,27,m,3,5,2019-04-01T15:30:09Z,2019-04-01T17:49:02Z
1,variety_match,standard,0,0,NA,RS,male,korean,1,27,m,3,5,2019-04-01T15:30:09Z,2019-04-01T17:49:02Z
1,variety_match,standard,0,0,NA,RS,male,french,1,27,m,3,5,2019-04-01T15:30:09Z,2019-04-01T17:49:02Z
1,variety_match,standard,0,0,NA,RS,male,russian,2,27,m,3,5,2019-04-01T15:30:09Z,2019-04-01T17:49:02Z
1,variety_match,standard,0,0,NA,RS,male,german,3,27,m,3,5,2019-04-01T15:30:09Z,2019-04-01T17:49:02Z
1,variety_match,standard,0,0,NA,RS,male,spanish,1,27,m,3,5,2019-04-01T15:30:09Z,2019-04-01T17:49:02Z
2,variety_mismatch,dialect,0,0,NA,SR,male,english,5,31,f,4,5,2019-04-01T15:44:59Z,2019-04-01T16:48:52Z
3,dialect_literacy,dialect,1,1,mountain-village,SR,male,english,5,31,m,4,5,2019-04-01T15:48:44Z,2019-04-01T16:56:10Z
4,variety_mismatch_social,dialect,1,0,mountain-village,SR,female,english,5,59,m,4,5,2019-04-01T16:07:42Z,2019-04-01T19:30:54Z
4,variety_mismatch_social,dialect,1,0,mountain-village,SR,female,italian,2,59,m,4,5,2019-04-01T16:07:42Z,2019-04-01T19:30:54Z
4,variety_mismatch_social,dialect,1,0,mountain-village,SR,female,german,1,59,m,4,5,2019-04-01T16:07:42Z,2019-04-01T19:30:54Z
4,variety_mismatch_social,dialect,1,0,mountain-village,SR,female,french,1,59,m,4,5,2019-04-01T16:07:42Z,2019-04-01T19:30:54Z
4,variety_mismatch_social,dialect,1,0,mountain-village,SR,female,spanish,1,59,m,4,5,2019-04-01T16:07:42Z,2019-04-01T19:30:54Z
6,variety_match,standard,0,0,NA,RS,female,english,5,26,f,4,4,2019-04-16T17:55:05Z,2019-04-16T20:21:06Z
7,variety_match,standard,0,0,NA,RS,female,english,5,27,m,4,4,2019-04-16T17:57:38Z,2019-04-16T19:26:27Z
7,variety_match,standard,0,0,NA,RS,female,german,4,27,m,4,4,2019-04-16T17:57:38Z,2019-04-16T19:26:27Z
8,variety_match,standard,0,0,NA,RS,female,english,5,22,m,4,5,2019-04-16T17:57:39Z,2019-04-16T19:19:04Z
9,variety_match,standard,0,0,NA,RS,female,english,5,41,f,4,5,2019-04-16T18:00:02Z,2019-04-16T20:58:57Z
11,variety_match,standard,0,0,NA,RS,female,english,4,28,f,1,5,2019-04-16T18:04:58Z,2019-04-16T19:15:37Z
14,variety_match,standard,0,0,NA,RS,female,english,5,48,f,4,4,2019-04-16T18:17:25Z,2019-04-16T19:41:56Z
14,variety_match,standard,0,0,NA,RS,female,french,1,48,f,4,4,2019-04-16T18:17:25Z,2019-04-16T19:41:56Z
14,variety_match,standard,0,0,NA,RS,female,latin,1,48,f,4,4,2019-04-16T18:17:25Z,2019-04-16T19:41:56Z
15,variety_match,standard,0,0,NA,RS,female,english,5,28,f,5,5,2019-04-16T18:18:06Z,2019-04-16T19:30:13Z
16,variety_match,standard,0,0,NA,RS,female,english,5,46,f,4,5,2019-04-16T18:20:21Z,2019-04-16T20:27:39Z
17,variety_match,standard,0,0,NA,RS,female,english,5,30,f,4,4,2019-04-16T18:25:38Z,2019-04-16T19:49:53Z
22,variety_match,standard,0,0,NA,RS,female,english,5,35,m,5,5,2019-04-16T18:27:46Z,2019-04-16T19:40:20Z
24,variety_match,standard,0,0,NA,RS,female,english,3,28,f,4,2,2019-04-16T18:33:51Z,2019-04-16T20:06:52Z
26,variety_match,standard,0,0,NA,RS,female,english,5,19,o,4,5,2019-04-16T18:35:15Z,2019-04-16T19:47:30Z
29,variety_match,standard,0,0,NA,RS,female,english,5,30,f,3,5,2019-04-16T18:55:52Z,2019-04-16T20:22:43Z
31,variety_match,standard,0,0,NA,RS,female,english,5,26,f,5,5,2019-04-16T19:31:57Z,2019-04-16T22:40:47Z
34,variety_match,standard,0,0,NA,RS,female,english,5,23,f,3,4,2019-04-16T20:10:06Z,2019-04-16T21:45:36Z
36,variety_match,standard,0,0,NA,RS,female,english,5,25,o,3,4,2019-04-16T20:40:14Z,2019-04-16T23:37:14Z
36,variety_match,standard,0,0,NA,RS,female,french,1,25,o,3,4,2019-04-16T20:40:14Z,2019-04-16T23:37:14Z
37,variety_match,standard,0,0,NA,RS,female,english,5,22,f,3,5,2019-04-16T22:05:14Z,2019-04-16T23:15:39Z
38,variety_match,standard,0,0,NA,RS,female,english,5,41,m,5,5,2019-04-16T22:51:50Z,2019-04-17T01:31:10Z
38,variety_match,standard,0,0,NA,RS,female,spanish,1,41,m,5,5,2019-04-16T22:51:50Z,2019-04-17T01:31:10Z
39,variety_match,standard,0,0,NA,RS,female,english,5,33,m,4,5,2019-04-16T23:01:55Z,2019-04-17T00:24:48Z
40,variety_match,standard,0,0,NA,RS,female,english,5,43,m,4,5,2019-04-16T23:29:19Z,2019-04-17T01:00:24Z
41,variety_match,standard,0,0,NA,SR,male,english,5,31,m,4,3,2019-04-17T11:21:33Z,2019-04-17T12:52:54Z
41,variety_match,standard,0,0,NA,SR,male,french,2,31,m,4,3,2019-04-17T11:21:33Z,2019-04-17T12:52:54Z
44,variety_match,standard,0,0,NA,SR,male,english,5,32,f,2,5,2019-04-17T12:03:19Z,2019-04-17T13:20:28Z
44,variety_match,standard,0,0,NA,SR,male,french,1,32,f,2,5,2019-04-17T12:03:19Z,2019-04-17T13:20:28Z
44,variety_match,standard,0,0,NA,SR,male,spanish,1,32,f,2,5,2019-04-17T12:03:19Z,2019-04-17T13:20:28Z
45,variety_match,standard,0,0,NA,SR,male,english,5,41,m,3,4,2019-04-17T12:14:04Z,2019-04-17T14:09:49Z
47,variety_match,standard,0,0,NA,SR,male,english,5,21,m,4,2,2019-04-17T12:18:14Z,2019-04-17T13:59:31Z
48,variety_match,standard,0,0,NA,SR,male,english,5,34,f,4,4,2019-04-17T12:19:12Z,2019-04-17T13:50:16Z
52,variety_match,standard,0,0,NA,SR,male,english,5,20,m,4,5,2019-04-17T12:24:32Z,2019-04-17T13:57:27Z
52,variety_match,standard,0,0,NA,SR,male,arabic,4,20,m,4,5,2019-04-17T12:24:32Z,2019-04-17T13:57:27Z
52,variety_match,standard,0,0,NA,SR,male,french,2,20,m,4,5,2019-04-17T12:24:32Z,2019-04-17T13:57:27Z
54,variety_match,standard,0,0,NA,SR,male,english,5,36,m,5,5,2019-04-17T12:40:55Z,2019-04-17T14:13:54Z
56,variety_match,standard,0,0,NA,SR,male,english,5,54,m,3,4,2019-04-17T12:44:32Z,2019-04-17T14:57:16Z
57,variety_match,standard,0,0,NA,SR,male,english,5,31,m,5,5,2019-04-17T12:49:38Z,2019-04-17T14:11:45Z
58,variety_match,standard,0,0,NA,SR,male,english,5,36,m,4,1,2019-04-17T12:50:01Z,2019-04-17T14:00:48Z
58,variety_match,standard,0,0,NA,SR,male,irish,1,36,m,4,1,2019-04-17T12:50:01Z,2019-04-17T14:00:48Z
58,variety_match,standard,0,0,NA,SR,male,french,1,36,m,4,1,2019-04-17T12:50:01Z,2019-04-17T14:00:48Z
60,variety_match,standard,0,0,NA,SR,male,english,5,45,f,4,4,2019-04-17T12:54:51Z,2019-04-17T14:40:05Z
60,variety_match,standard,0,0,NA,SR,male,spanish,1,45,f,4,4,2019-04-17T12:54:51Z,2019-04-17T14:40:05Z
60,variety_match,standard,0,0,NA,SR,male,french,1,45,f,4,4,2019-04-17T12:54:51Z,2019-04-17T14:40:05Z
63,variety_match,standard,0,0,NA,SR,male,english,5,44,m,4,3,2019-04-17T13:32:43Z,2019-04-17T15:05:04Z
64,variety_match,standard,0,0,NA,SR,male,english,5,63,f,3,4,2019-04-17T13:36:38Z,2019-04-17T14:58:13Z
64,variety_match,standard,0,0,NA,SR,male,french,1,63,f,3,4,2019-04-17T13:36:38Z,2019-04-17T14:58:13Z
64,variety_match,standard,0,0,NA,SR,male,german,1,63,f,3,4,2019-04-17T13:36:38Z,2019-04-17T14:58:13Z
67,variety_match,standard,0,0,NA,SR,male,english,3,45,f,5,5,2019-04-17T14:16:10Z,2019-04-17T15:39:09Z
70,variety_match,standard,0,0,NA,SR,male,english,5,37,m,5,5,2019-04-17T16:04:46Z,2019-04-17T18:15:41Z
73,variety_match,standard,0,0,NA,SR,male,english,5,18,f,4,5,2019-04-17T17:03:04Z,2019-04-17T18:19:58Z
74,variety_match,standard,0,0,NA,SR,male,english,5,50,f,4,4,2019-04-17T17:08:40Z,2019-04-17T18:40:39Z
74,variety_match,standard,0,0,NA,SR,male,french,3,50,f,4,4,2019-04-17T17:08:40Z,2019-04-17T18:40:39Z
74,variety_match,standard,0,0,NA,SR,male,german,3,50,f,4,4,2019-04-17T17:08:40Z,2019-04-17T18:40:39Z
74,variety_match,standard,0,0,NA,SR,male,japanese,1,50,f,4,4,2019-04-17T17:08:40Z,2019-04-17T18:40:39Z
75,variety_match,standard,0,0,NA,SR,male,english,5,26,m,5,5,2019-04-17T17:58:32Z,2019-04-17T18:51:34Z
77,variety_match,standard,0,0,NA,SR,male,english,5,64,f,3,4,2019-04-17T21:05:48Z,2019-04-17T23:52:25Z
77,variety_match,standard,0,0,NA,SR,male,french,1,64,f,3,4,2019-04-17T21:05:48Z,2019-04-17T23:52:25Z
80,dialect_literacy,dialect,1,1,mountain-village,SR,female,english,5,40,f,5,5,2019-04-18T11:38:00Z,2019-04-18T13:26:05Z
80,dialect_literacy,dialect,1,1,mountain-village,SR,female,french,2,40,f,5,5,2019-04-18T11:38:00Z,2019-04-18T13:26:05Z
80,dialect_literacy,dialect,1,1,mountain-village,SR,female,german,2,40,f,5,5,2019-04-18T11:38:00Z,2019-04-18T13:26:05Z
83,dialect_literacy,dialect,1,1,mountain-village,SR,female,english,5,56,f,5,5,2019-04-18T12:10:33Z,2019-04-18T14:23:17Z
84,dialect_literacy,dialect,1,1,mountain-village,SR,female,english,5,18,m,5,4,2019-04-18T12:11:44Z,2019-04-18T14:00:12Z
85,dialect_literacy,dialect,1,1,mountain-village,SR,female,english,5,22,f,5,5,2019-04-18T12:15:55Z,2019-04-18T14:05:32Z
87,dialect_literacy,dialect,1,1,mountain-village,SR,female,english,5,50,f,1,5,2019-04-18T12:36:09Z,2019-04-18T14:33:01Z
88,dialect_literacy,dialect,1,1,mountain-village,SR,female,english,5,51,m,5,5,2019-04-18T12:36:40Z,2019-04-18T14:35:49Z
88,dialect_literacy,dialect,1,1,mountain-village,SR,female,german,1,51,m,5,5,2019-04-18T12:36:40Z,2019-04-18T14:35:49Z
90,dialect_literacy,dialect,1,1,mountain-village,SR,female,english,5,52,m,5,4,2019-04-18T13:35:13Z,2019-04-18T15:08:02Z
90,dialect_literacy,dialect,1,1,mountain-village,SR,female,french,2,52,m,5,4,2019-04-18T13:35:13Z,2019-04-18T15:08:02Z
91,dialect_literacy,dialect,1,1,mountain-village,SR,female,english,5,56,m,4,4,2019-04-18T13:43:34Z,2019-04-18T15:36:34Z
93,dialect_literacy,dialect,1,1,mountain-village,SR,female,english,5,51,f,5,5,2019-04-18T16:05:45Z,2019-04-18T17:34:00Z
94,dialect_literacy,dialect,1,1,mountain-village,SR,female,english,5,24,m,4,5,2019-04-18T16:31:27Z,2019-04-18T17:44:59Z
94,dialect_literacy,dialect,1,1,mountain-village,SR,female,french,1,24,m,4,5,2019-04-18T16:31:27Z,2019-04-18T17:44:59Z
94,dialect_literacy,dialect,1,1,mountain-village,SR,female,american sign language,1,24,m,4,5,2019-04-18T16:31:27Z,2019-04-18T17:44:59Z
95,dialect_literacy,dialect,1,1,mountain-village,RS,female,english,5,23,m,3,5,2019-04-18T17:21:27Z,2019-04-18T18:52:05Z
95,dialect_literacy,dialect,1,1,mountain-village,RS,female,korean,4,23,m,3,5,2019-04-18T17:21:27Z,2019-04-18T18:52:05Z
95,dialect_literacy,dialect,1,1,mountain-village,RS,female,french,1,23,m,3,5,2019-04-18T17:21:27Z,2019-04-18T18:52:05Z
95,dialect_literacy,dialect,1,1,mountain-village,RS,female,spanish,1,23,m,3,5,2019-04-18T17:21:27Z,2019-04-18T18:52:05Z
96,dialect_literacy,dialect,1,1,mountain-village,RS,female,english,5,23,m,4,5,2019-04-18T17:27:17Z,2019-04-18T20:09:30Z
96,dialect_literacy,dialect,1,1,mountain-village,RS,female,spanish,4,23,m,4,5,2019-04-18T17:27:17Z,2019-04-18T20:09:30Z
96,dialect_literacy,dialect,1,1,mountain-village,RS,female,french,1,23,m,4,5,2019-04-18T17:27:17Z,2019-04-18T20:09:30Z
97,dialect_literacy,dialect,1,1,mountain-village,RS,female,english,3,53,m,4,5,2019-04-18T18:09:07Z,2019-04-18T19:54:22Z
97,dialect_literacy,dialect,1,1,mountain-village,RS,female,spanish,2,53,m,4,5,2019-04-18T18:09:07Z,2019-04-18T19:54:22Z
98,dialect_literacy,dialect,1,1,mountain-village,RS,female,english,5,22,m,5,5,2019-04-18T18:09:08Z,2019-04-18T19:23:39Z
98,dialect_literacy,dialect,1,1,mountain-village,RS,female,german,5,22,m,5,5,2019-04-18T18:09:08Z,2019-04-18T19:23:39Z
98,dialect_literacy,dialect,1,1,mountain-village,RS,female,dutch,3,22,m,5,5,2019-04-18T18:09:08Z,2019-04-18T19:23:39Z
101,dialect_literacy,dialect,1,1,mountain-village,RS,female,english,5,41,f,5,5,2019-04-18T18:17:35Z,2019-04-18T20:16:06Z
101,dialect_literacy,dialect,1,1,mountain-village,RS,female,welsh,1,41,f,5,5,2019-04-18T18:17:35Z,2019-04-18T20:16:06Z
101,dialect_literacy,dialect,1,1,mountain-village,RS,female,french,3,41,f,5,5,2019-04-18T18:17:35Z,2019-04-18T20:16:06Z
103,dialect_literacy,dialect,1,1,mountain-village,RS,female,english,5,19,m,1,5,2019-04-18T18:31:17Z,2019-04-18T20:47:12Z
103,dialect_literacy,dialect,1,1,mountain-village,RS,female,urdu,1,19,m,1,5,2019-04-18T18:31:17Z,2019-04-18T20:47:12Z
104,dialect_literacy,dialect,1,1,mountain-village,RS,female,english,5,50,f,4,5,2019-04-18T18:54:04Z,2019-04-18T20:17:05Z
106,dialect_literacy,dialect,1,1,mountain-village,RS,female,english,4,26,f,4,5,2019-04-18T19:34:38Z,2019-04-18T21:02:39Z
106,dialect_literacy,dialect,1,1,mountain-village,RS,female,singhalese,5,26,f,4,5,2019-04-18T19:34:38Z,2019-04-18T21:02:39Z
106,dialect_literacy,dialect,1,1,mountain-village,RS,female,tamil,2,26,f,4,5,2019-04-18T19:34:38Z,2019-04-18T21:02:39Z
107,dialect_literacy,dialect,1,1,mountain-village,RS,female,english,5,31,f,4,5,2019-04-18T21:17:54Z,2019-04-18T22:26:24Z
109,dialect_literacy,dialect,1,1,mountain-village,RS,female,english,5,55,f,3,5,2019-04-18T23:12:51Z,2019-04-19T01:16:31Z
110,variety_match,standard,0,0,NA,SR,female,english,4,49,m,3,5,2019-04-19T11:12:42Z,2019-04-19T12:37:51Z
111,variety_match,standard,0,0,NA,SR,female,english,5,45,f,4,4,2019-04-19T11:31:21Z,2019-04-19T13:33:55Z
111,variety_match,standard,0,0,NA,SR,female,german,1,45,f,4,4,2019-04-19T11:31:21Z,2019-04-19T13:33:55Z
112,variety_match,standard,0,0,NA,SR,female,english,5,22,m,4,5,2019-04-19T11:34:07Z,2019-04-19T13:06:51Z
112,variety_match,standard,0,0,NA,SR,female,french,1,22,m,4,5,2019-04-19T11:34:07Z,2019-04-19T13:06:51Z
112,variety_match,standard,0,0,NA,SR,female,algerian arabic,4,22,m,4,5,2019-04-19T11:34:07Z,2019-04-19T13:06:51Z
114,variety_match,standard,0,0,NA,SR,female,english,5,31,f,4,4,2019-04-19T11:49:36Z,2019-04-19T13:47:21Z
115,variety_match,standard,0,0,NA,SR,female,english,5,22,f,5,5,2019-04-19T11:55:45Z,2019-04-19T13:05:48Z
115,variety_match,standard,0,0,NA,SR,female,french,1,22,f,5,5,2019-04-19T11:55:45Z,2019-04-19T13:05:48Z
115,variety_match,standard,0,0,NA,SR,female,spanish,1,22,f,5,5,2019-04-19T11:55:45Z,2019-04-19T13:05:48Z
115,variety_match,standard,0,0,NA,SR,female,japanese,1,22,f,5,5,2019-04-19T11:55:45Z,2019-04-19T13:05:48Z
117,variety_match,standard,0,0,NA,SR,female,english,5,25,f,4,5,2019-04-19T11:58:49Z,2019-04-19T13:15:11Z
119,variety_match,standard,0,0,NA,SR,female,english,5,29,m,4,4,2019-04-19T12:04:25Z,2019-04-19T14:38:53Z
121,variety_match,standard,0,0,NA,SR,female,english,5,39,m,5,3,2019-04-19T12:09:58Z,2019-04-19T13:48:04Z
123,variety_match,standard,0,0,NA,SR,female,english,5,26,m,5,5,2019-04-19T12:15:05Z,2019-04-19T14:33:55Z
125,variety_match,standard,0,0,NA,SR,female,english,5,52,m,4,3,2019-04-19T12:15:40Z,2019-04-19T13:41:01Z
126,variety_match,standard,0,0,NA,SR,female,english,5,25,m,3,4,2019-04-19T12:18:00Z,2019-04-19T14:28:27Z
126,variety_match,standard,0,0,NA,SR,female,arabic,5,25,m,3,4,2019-04-19T12:18:00Z,2019-04-19T14:28:27Z
127,variety_match,standard,0,0,NA,SR,female,english,5,30,f,3,5,2019-04-19T12:22:25Z,2019-04-19T14:13:59Z
127,variety_match,standard,0,0,NA,SR,female,french,2,30,f,3,5,2019-04-19T12:22:25Z,2019-04-19T14:13:59Z
127,variety_match,standard,0,0,NA,SR,female,spanish,1,30,f,3,5,2019-04-19T12:22:25Z,2019-04-19T14:13:59Z
128,variety_match,standard,0,0,NA,SR,female,english,5,54,f,4,5,2019-04-19T12:23:14Z,2019-04-19T14:07:10Z
128,variety_match,standard,0,0,NA,SR,female,german,4,54,f,4,5,2019-04-19T12:23:14Z,2019-04-19T14:07:10Z
128,variety_match,standard,0,0,NA,SR,female,french,2,54,f,4,5,2019-04-19T12:23:14Z,2019-04-19T14:07:10Z
129,variety_match,standard,0,0,NA,SR,female,english,5,26,f,3,5,2019-04-19T12:23:26Z,2019-04-19T14:00:45Z
131,variety_match,standard,0,0,NA,SR,female,english,5,19,m,4,5,2019-04-19T13:22:02Z,2019-04-19T14:46:31Z
131,variety_match,standard,0,0,NA,SR,female,spanish,1,19,m,4,5,2019-04-19T13:22:02Z,2019-04-19T14:46:31Z
131,variety_match,standard,0,0,NA,SR,female,greek,2,19,m,4,5,2019-04-19T13:22:02Z,2019-04-19T14:46:31Z
131,variety_match,standard,0,0,NA,SR,female,latin,1,19,m,4,5,2019-04-19T13:22:02Z,2019-04-19T14:46:31Z
133,variety_match,standard,0,0,NA,SR,female,english,4,20,m,5,5,2019-04-19T16:06:44Z,2019-04-19T17:36:18Z
133,variety_match,standard,0,0,NA,SR,female,cantonese,5,20,m,5,5,2019-04-19T16:06:44Z,2019-04-19T17:36:18Z
133,variety_match,standard,0,0,NA,SR,female,korean,3,20,m,5,5,2019-04-19T16:06:44Z,2019-04-19T17:36:18Z
133,variety_match,standard,0,0,NA,SR,female,mandarin,4,20,m,5,5,2019-04-19T16:06:44Z,2019-04-19T17:36:18Z
134,variety_match,standard,0,0,NA,SR,female,english,4,32,m,4,4,2019-04-19T16:32:12Z,2019-04-19T18:23:07Z
136,variety_match,standard,0,0,NA,SR,female,english,5,51,m,1,5,2019-04-19T16:43:30Z,2019-04-19T18:00:58Z
138,variety_match,standard,0,0,NA,SR,female,english,3,35,m,4,4,2019-04-19T16:57:54Z,2019-04-19T18:52:45Z
138,variety_match,standard,0,0,NA,SR,female,hindi,5,35,m,4,4,2019-04-19T16:57:54Z,2019-04-19T18:52:45Z
138,variety_match,standard,0,0,NA,SR,female,bengali,2,35,m,4,4,2019-04-19T16:57:54Z,2019-04-19T18:52:45Z
141,variety_mismatch_social,dialect,1,0,mountain-village,SR,female,english,3,14,f,4,5,2019-04-22T11:27:08Z,2019-04-22T13:00:41Z
144,variety_mismatch_social,dialect,1,0,mountain-village,SR,female,english,5,25,m,4,3,2019-04-22T11:43:25Z,2019-04-22T13:50:36Z
144,variety_mismatch_social,dialect,1,0,mountain-village,SR,female,french,1,25,m,4,3,2019-04-22T11:43:25Z,2019-04-22T13:50:36Z
146,variety_mismatch_social,dialect,1,0,mountain-village,SR,female,english,5,38,f,4,5,2019-04-22T11:49:05Z,2019-04-22T13:13:11Z
147,variety_mismatch_social,dialect,1,0,mountain-village,SR,female,english,5,53,m,4,5,2019-04-22T11:49:50Z,2019-04-22T15:00:27Z
147,variety_mismatch_social,dialect,1,0,mountain-village,SR,female,french,1,53,m,4,5,2019-04-22T11:49:50Z,2019-04-22T15:00:27Z
147,variety_mismatch_social,dialect,1,0,mountain-village,SR,female,italian,1,53,m,4,5,2019-04-22T11:49:50Z,2019-04-22T15:00:27Z
147,variety_mismatch_social,dialect,1,0,mountain-village,SR,female,german,1,53,m,4,5,2019-04-22T11:49:50Z,2019-04-22T15:00:27Z
148,variety_mismatch_social,dialect,1,0,mountain-village,SR,female,english,5,21,m,2,5,2019-04-22T11:53:15Z,2019-04-22T13:20:57Z
148,variety_mismatch_social,dialect,1,0,mountain-village,SR,female,french,3,21,m,2,5,2019-04-22T11:53:15Z,2019-04-22T13:20:57Z
149,variety_mismatch_social,dialect,1,0,mountain-village,SR,female,english,4,46,f,4,5,2019-04-22T12:04:42Z,2019-04-22T14:42:06Z
150,variety_mismatch_social,dialect,1,0,mountain-village,SR,female,english,5,26,f,2,4,2019-04-22T12:26:47Z,2019-04-22T13:33:56Z
150,variety_mismatch_social,dialect,1,0,mountain-village,SR,female,german,2,26,f,2,4,2019-04-22T12:26:47Z,2019-04-22T13:33:56Z
151,variety_mismatch_social,dialect,1,0,mountain-village,SR,female,english,5,35,m,4,5,2019-04-22T14:52:55Z,2019-04-22T16:35:51Z
152,variety_mismatch_social,dialect,1,0,mountain-village,SR,female,english,5,26,f,4,4,2019-04-22T16:21:20Z,2019-04-22T17:44:35Z
153,dialect_literacy,dialect,1,1,coastal-village,RS,male,english,5,27,f,5,5,2019-04-22T20:15:18Z,2019-04-22T21:50:02Z
154,dialect_literacy,dialect,1,1,coastal-village,RS,male,english,5,26,f,4,5,2019-04-22T20:18:50Z,2019-04-22T21:58:56Z
154,dialect_literacy,dialect,1,1,coastal-village,RS,male,french,1,26,f,4,5,2019-04-22T20:18:50Z,2019-04-22T21:58:56Z
155,dialect_literacy,dialect,1,1,coastal-village,RS,male,english,5,38,f,5,5,2019-04-22T20:19:07Z,2019-04-22T21:44:19Z
156,dialect_literacy,dialect,1,1,coastal-village,RS,male,english,5,22,m,1,5,2019-04-22T20:19:18Z,2019-04-22T21:54:24Z
160,dialect_literacy,dialect,1,1,coastal-village,RS,male,english,5,28,m,4,5,2019-04-22T20:49:37Z,2019-04-22T23:59:54Z
160,dialect_literacy,dialect,1,1,coastal-village,RS,male,arabic,3,28,m,4,5,2019-04-22T20:49:37Z,2019-04-22T23:59:54Z
160,dialect_literacy,dialect,1,1,coastal-village,RS,male,bengali,3,28,m,4,5,2019-04-22T20:49:37Z,2019-04-22T23:59:54Z
160,dialect_literacy,dialect,1,1,coastal-village,RS,male,urdu/ hindi,2,28,m,4,5,2019-04-22T20:49:37Z,2019-04-22T23:59:54Z
160,dialect_literacy,dialect,1,1,coastal-village,RS,male,english,5,28,m,4,5,2019-04-22T20:49:37Z,2019-04-22T23:59:54Z
160,dialect_literacy,dialect,1,1,coastal-village,RS,male,arabic,3,28,m,4,5,2019-04-22T20:49:37Z,2019-04-22T23:59:54Z
160,dialect_literacy,dialect,1,1,coastal-village,RS,male,bengali,3,28,m,4,5,2019-04-22T20:49:37Z,2019-04-22T23:59:54Z
160,dialect_literacy,dialect,1,1,coastal-village,RS,male,urdu/ hindi,2,28,m,4,5,2019-04-22T20:49:37Z,2019-04-22T23:59:54Z
161,dialect_literacy,dialect,1,1,coastal-village,RS,male,english,5,2,f,4,4,2019-04-22T20:49:48Z,2019-04-22T23:54:53Z
161,dialect_literacy,dialect,1,1,coastal-village,RS,male,welsh,2,2,f,4,4,2019-04-22T20:49:48Z,2019-04-22T23:54:53Z
161,dialect_literacy,dialect,1,1,coastal-village,RS,male,spanish,1,2,f,4,4,2019-04-22T20:49:48Z,2019-04-22T23:54:53Z
161,dialect_literacy,dialect,1,1,coastal-village,RS,male,french,1,2,f,4,4,2019-04-22T20:49:48Z,2019-04-22T23:54:53Z
162,dialect_literacy,dialect,1,1,coastal-village,RS,male,english,5,22,f,5,5,2019-04-22T21:11:37Z,2019-04-22T22:44:58Z
163,dialect_literacy,dialect,1,1,coastal-village,RS,male,english,5,21,m,4,5,2019-04-23T00:30:53Z,2019-04-23T03:20:23Z
163,dialect_literacy,dialect,1,1,coastal-village,RS,male,spanish,2,21,m,4,5,2019-04-23T00:30:53Z,2019-04-23T03:20:23Z
164,dialect_literacy,dialect,1,1,coastal-village,RS,male,english,4,36,m,4,5,2019-04-23T01:31:56Z,2019-04-23T03:00:16Z
165,variety_match,standard,0,0,NA,RS,male,english,5,27,f,3,5,2019-04-23T09:16:33Z,2019-04-23T10:36:09Z
168,variety_match,standard,0,0,NA,RS,male,english,4,38,f,5,4,2019-04-23T09:39:27Z,2019-04-23T11:03:09Z
171,variety_match,standard,0,0,NA,RS,male,english,5,32,f,2,4,2019-04-23T09:45:49Z,2019-04-23T11:47:44Z
172,variety_match,standard,0,0,NA,RS,male,english,2,30,f,5,4,2019-04-23T09:58:13Z,2019-04-23T11:20:17Z
172,variety_match,standard,0,0,NA,RS,male,punjabi,5,30,f,5,4,2019-04-23T09:58:13Z,2019-04-23T11:20:17Z
175,variety_match,standard,0,0,NA,RS,male,english,5,43,m,3,5,2019-04-23T10:04:09Z,2019-04-23T12:10:08Z
177,variety_match,standard,0,0,NA,RS,male,english,5,20,f,3,5,2019-04-23T10:06:20Z,2019-04-23T11:29:32Z
180,variety_match,standard,0,0,NA,RS,male,english,5,21,f,4,5,2019-04-23T10:16:37Z,2019-04-23T12:47:08Z
185,variety_match,standard,0,0,NA,RS,male,english,5,31,f,4,5,2019-04-23T11:06:03Z,2019-04-23T13:02:34Z
185,variety_match,standard,0,0,NA,RS,male,afrikaans,5,31,f,4,5,2019-04-23T11:06:03Z,2019-04-23T13:02:34Z
185,variety_match,standard,0,0,NA,RS,male,japanese,2,31,f,4,5,2019-04-23T11:06:03Z,2019-04-23T13:02:34Z
186,variety_match,standard,0,0,NA,RS,male,english,5,21,f,4,5,2019-04-23T11:19:16Z,2019-04-23T13:21:36Z
186,variety_match,standard,0,0,NA,RS,male,malay,3,21,f,4,5,2019-04-23T11:19:16Z,2019-04-23T13:21:36Z
186,variety_match,standard,0,0,NA,RS,male,arabic,2,21,f,4,5,2019-04-23T11:19:16Z,2019-04-23T13:21:36Z
186,variety_match,standard,0,0,NA,RS,male,german,3,21,f,4,5,2019-04-23T11:19:16Z,2019-04-23T13:21:36Z
186,variety_match,standard,0,0,NA,RS,male,japanese,1,21,f,4,5,2019-04-23T11:19:16Z,2019-04-23T13:21:36Z
190,variety_match,standard,0,0,NA,RS,male,english,5,28,f,5,5,2019-04-23T13:30:40Z,2019-04-23T15:18:13Z
192,variety_match,standard,0,0,NA,RS,male,english,3,20,m,4,5,2019-04-23T13:50:42Z,2019-04-23T18:51:13Z
193,variety_match,standard,0,0,NA,RS,male,english,4,24,m,4,5,2019-04-23T14:02:58Z,2019-04-23T15:40:08Z
193,variety_match,standard,0,0,NA,RS,male,spanish,1,24,m,4,5,2019-04-23T14:02:58Z,2019-04-23T15:40:08Z
195,variety_match,standard,0,0,NA,RS,male,english,5,42,m,4,5,2019-04-23T14:21:21Z,2019-04-23T15:55:03Z
195,variety_match,standard,0,0,NA,RS,male,spanish,1,42,m,4,5,2019-04-23T14:21:21Z,2019-04-23T15:55:03Z
196,variety_match,standard,0,0,NA,RS,male,english,5,34,m,4,5,2019-04-23T14:35:13Z,2019-04-23T15:34:28Z
196,variety_match,standard,0,0,NA,RS,male,french,1,34,m,4,5,2019-04-23T14:35:13Z,2019-04-23T15:34:28Z
199,dialect_literacy,dialect,1,1,coastal-village,SR,female,english,5,24,f,4,5,2019-04-24T10:16:10Z,2019-04-24T11:38:34Z
200,dialect_literacy,dialect,1,1,coastal-village,SR,female,english,5,25,f,4,4,2019-04-24T10:23:48Z,2019-04-24T12:39:08Z
200,dialect_literacy,dialect,1,1,coastal-village,SR,female,spanish,3,25,f,4,4,2019-04-24T10:23:48Z,2019-04-24T12:39:08Z
201,dialect_literacy,dialect,1,1,coastal-village,SR,female,english,5,37,f,4,4,2019-04-24T10:27:36Z,2019-04-24T11:55:13Z
201,dialect_literacy,dialect,1,1,coastal-village,SR,female,french,1,37,f,4,4,2019-04-24T10:27:36Z,2019-04-24T11:55:13Z
201,dialect_literacy,dialect,1,1,coastal-village,SR,female,german,1,37,f,4,4,2019-04-24T10:27:36Z,2019-04-24T11:55:13Z
204,dialect_literacy,dialect,1,1,coastal-village,SR,female,english,5,20,m,4,5,2019-04-24T10:31:57Z,2019-04-24T12:49:51Z
204,dialect_literacy,dialect,1,1,coastal-village,SR,female,german,3,20,m,4,5,2019-04-24T10:31:57Z,2019-04-24T12:49:51Z
204,dialect_literacy,dialect,1,1,coastal-village,SR,female,korean,4,20,m,4,5,2019-04-24T10:31:57Z,2019-04-24T12:49:51Z
204,dialect_literacy,dialect,1,1,coastal-village,SR,female,hebrew,2,20,m,4,5,2019-04-24T10:31:57Z,2019-04-24T12:49:51Z
206,dialect_literacy,dialect,1,1,coastal-village,SR,female,english,5,49,f,4,4,2019-04-24T10:54:10Z,2019-04-24T12:08:25Z
206,dialect_literacy,dialect,1,1,coastal-village,SR,female,french,1,49,f,4,4,2019-04-24T10:54:10Z,2019-04-24T12:08:25Z
206,dialect_literacy,dialect,1,1,coastal-village,SR,female,spanish,1,49,f,4,4,2019-04-24T10:54:10Z,2019-04-24T12:08:25Z
206,dialect_literacy,dialect,1,1,coastal-village,SR,female,croatian,3,49,f,4,4,2019-04-24T10:54:10Z,2019-04-24T12:08:25Z
207,dialect_literacy,dialect,1,1,coastal-village,SR,female,english,5,34,f,3,5,2019-04-24T11:09:23Z,2019-04-24T13:18:54Z
207,dialect_literacy,dialect,1,1,coastal-village,SR,female,french,1,34,f,3,5,2019-04-24T11:09:23Z,2019-04-24T13:18:54Z
207,dialect_literacy,dialect,1,1,coastal-village,SR,female,german,1,34,f,3,5,2019-04-24T11:09:23Z,2019-04-24T13:18:54Z
208,dialect_literacy,dialect,1,1,coastal-village,SR,female,english,5,20,f,4,5,2019-04-24T11:25:02Z,2019-04-24T12:39:16Z
209,dialect_literacy,dialect,1,1,coastal-village,SR,female,english,5,37,f,1,5,2019-04-24T14:36:06Z,2019-04-24T16:11:37Z
209,dialect_literacy,dialect,1,1,coastal-village,SR,female,tamil,4,37,f,1,5,2019-04-24T14:36:06Z,2019-04-24T16:11:37Z
209,dialect_literacy,dialect,1,1,coastal-village,SR,female,hindi,4,37,f,1,5,2019-04-24T14:36:06Z,2019-04-24T16:11:37Z
209,dialect_literacy,dialect,1,1,coastal-village,SR,female,french,4,37,f,1,5,2019-04-24T14:36:06Z,2019-04-24T16:11:37Z
212,dialect_literacy,dialect,1,1,coastal-village,SR,female,english,5,30,f,4,4,2019-04-24T17:42:57Z,2019-04-24T18:55:53Z
215,variety_mismatch_social,dialect,1,0,coastal-village,RS,male,english,5,32,m,5,5,2019-04-25T09:57:08Z,2019-04-25T12:07:05Z
215,variety_mismatch_social,dialect,1,0,coastal-village,RS,male,japanese,1,32,m,5,5,2019-04-25T09:57:08Z,2019-04-25T12:07:05Z
215,variety_mismatch_social,dialect,1,0,coastal-village,RS,male,german,2,32,m,5,5,2019-04-25T09:57:08Z,2019-04-25T12:07:05Z
216,variety_mismatch_social,dialect,1,0,coastal-village,RS,male,english,5,55,f,2,5,2019-04-25T10:21:50Z,2019-04-25T12:14:54Z
216,variety_mismatch_social,dialect,1,0,coastal-village,RS,male,french,4,55,f,2,5,2019-04-25T10:21:50Z,2019-04-25T12:14:54Z
216,variety_mismatch_social,dialect,1,0,coastal-village,RS,male,german,1,55,f,2,5,2019-04-25T10:21:50Z,2019-04-25T12:14:54Z
217,variety_mismatch_social,dialect,1,0,coastal-village,RS,male,english,5,30,f,4,5,2019-04-25T10:24:48Z,2019-04-25T12:19:02Z
219,variety_mismatch_social,dialect,1,0,coastal-village,RS,male,english,5,48,m,4,5,2019-04-25T10:29:12Z,2019-04-25T12:23:36Z
219,variety_mismatch_social,dialect,1,0,coastal-village,RS,male,french,1,48,m,4,5,2019-04-25T10:29:12Z,2019-04-25T12:23:36Z
219,variety_mismatch_social,dialect,1,0,coastal-village,RS,male,russian,1,48,m,4,5,2019-04-25T10:29:12Z,2019-04-25T12:23:36Z
220,variety_mismatch_social,dialect,1,0,coastal-village,RS,male,english,5,35,f,4,5,2019-04-25T10:34:56Z,2019-04-25T11:47:08Z
221,variety_mismatch_social,dialect,1,0,coastal-village,RS,male,english,5,30,f,4,4,2019-04-25T10:37:48Z,2019-04-25T12:29:01Z
221,variety_mismatch_social,dialect,1,0,coastal-village,RS,male,portuguese,5,30,f,4,4,2019-04-25T10:37:48Z,2019-04-25T12:29:01Z
223,variety_mismatch_social,dialect,1,0,coastal-village,RS,male,english,5,26,f,4,5,2019-04-25T10:58:26Z,2019-04-25T13:55:29Z
225,variety_mismatch_social,dialect,1,0,coastal-village,RS,male,english,5,30,f,2,5,2019-04-25T11:40:48Z,2019-04-25T13:01:23Z
225,variety_mismatch_social,dialect,1,0,coastal-village,RS,male,mandarin,2,30,f,2,5,2019-04-25T11:40:48Z,2019-04-25T13:01:23Z
227,variety_mismatch_social,dialect,1,0,coastal-village,RS,male,english,5,33,f,4,5,2019-04-25T14:33:12Z,2019-04-25T17:15:38Z
227,variety_mismatch_social,dialect,1,0,coastal-village,RS,male,yoruba,5,33,f,4,5,2019-04-25T14:33:12Z,2019-04-25T17:15:38Z
229,variety_mismatch_social,dialect,1,0,coastal-village,RS,male,english,5,47,m,5,5,2019-04-25T16:12:17Z,2019-04-25T17:30:10Z
230,variety_mismatch,dialect,0,0,NA,RS,female,english,5,24,m,4,4,2019-04-26T16:51:46Z,2019-04-26T18:11:02Z
231,variety_mismatch,dialect,0,0,NA,RS,female,english,5,39,f,3,5,2019-04-26T16:54:20Z,2019-04-26T19:11:42Z
233,variety_mismatch,dialect,0,0,NA,RS,female,english,5,16,m,4,5,2019-04-26T16:56:13Z,2019-04-26T19:08:24Z
239,variety_mismatch,dialect,0,0,NA,RS,female,english,5,41,f,4,4,2019-04-26T17:05:08Z,2019-04-26T19:01:05Z
240,variety_mismatch,dialect,0,0,NA,RS,female,english,5,31,m,2,5,2019-04-26T17:08:38Z,2019-04-26T18:44:37Z
243,variety_mismatch,dialect,0,0,NA,RS,female,english,5,30,f,4,5,2019-04-26T17:17:02Z,2019-04-26T18:48:19Z
246,variety_mismatch,dialect,0,0,NA,RS,female,english,5,26,m,5,3,2019-04-26T17:19:46Z,2019-04-26T19:43:55Z
246,variety_mismatch,dialect,0,0,NA,RS,female,spanish,3,26,m,5,3,2019-04-26T17:19:46Z,2019-04-26T19:43:55Z
246,variety_mismatch,dialect,0,0,NA,RS,female,italian,1,26,m,5,3,2019-04-26T17:19:46Z,2019-04-26T19:43:55Z
246,variety_mismatch,dialect,0,0,NA,RS,female,french,1,26,m,5,3,2019-04-26T17:19:46Z,2019-04-26T19:43:55Z
247,variety_mismatch,dialect,0,0,NA,RS,female,english,5,35,f,3,4,2019-04-26T17:21:07Z,2019-04-26T18:55:53Z
248,variety_mismatch,dialect,0,0,NA,RS,female,english,5,23,f,4,5,2019-04-26T17:22:13Z,2019-04-26T18:53:18Z
248,variety_mismatch,dialect,0,0,NA,RS,female,french,4,23,f,4,5,2019-04-26T17:22:13Z,2019-04-26T18:53:18Z
248,variety_mismatch,dialect,0,0,NA,RS,female,spanish,3,23,f,4,5,2019-04-26T17:22:13Z,2019-04-26T18:53:18Z
251,variety_mismatch,dialect,0,0,NA,RS,female,english,5,20,f,4,5,2019-04-26T17:34:28Z,2019-04-26T19:07:56Z
251,variety_mismatch,dialect,0,0,NA,RS,female,french,2,20,f,4,5,2019-04-26T17:34:28Z,2019-04-26T19:07:56Z
252,variety_mismatch,dialect,0,0,NA,RS,female,english,5,37,f,4,5,2019-04-26T17:36:12Z,2019-04-26T18:56:52Z
252,variety_mismatch,dialect,0,0,NA,RS,female,french,2,37,f,4,5,2019-04-26T17:36:12Z,2019-04-26T18:56:52Z
259,variety_mismatch,dialect,0,0,NA,RS,female,english,5,35,f,5,5,2019-04-26T18:43:45Z,2019-04-26T21:15:10Z
263,variety_mismatch,dialect,0,0,NA,RS,female,english,5,75,m,3,4,2019-04-26T19:14:30Z,2019-04-26T21:38:04Z
266,variety_mismatch,dialect,0,0,NA,RS,female,english,5,24,m,5,5,2019-04-26T20:41:01Z,2019-04-26T21:55:57Z
266,variety_mismatch,dialect,0,0,NA,RS,female,latin,1,24,m,5,5,2019-04-26T20:41:01Z,2019-04-26T21:55:57Z
267,variety_mismatch,dialect,0,0,NA,RS,female,english,5,34,f,4,5,2019-04-26T21:02:16Z,2019-04-26T22:24:09Z
270,variety_mismatch,dialect,0,0,NA,RS,female,english,5,29,m,4,5,2019-04-26T21:19:00Z,2019-04-26T23:06:40Z
271,variety_mismatch,dialect,0,0,NA,RS,female,english,5,34,m,4,5,2019-04-26T23:17:52Z,2019-04-27T00:57:55Z
277,dialect_literacy,dialect,1,1,coastal-village,RS,female,english,5,52,m,4,5,2019-04-29T14:28:38Z,2019-04-29T16:18:49Z
279,dialect_literacy,dialect,1,1,coastal-village,RS,female,english,5,25,f,5,5,2019-04-29T14:34:40Z,2019-04-29T16:02:05Z
280,dialect_literacy,dialect,1,1,coastal-village,RS,female,english,5,52,f,4,5,2019-04-29T14:37:52Z,2019-04-29T15:35:14Z
282,dialect_literacy,dialect,1,1,coastal-village,RS,female,english,5,29,m,4,5,2019-04-29T14:48:09Z,2019-04-29T16:03:06Z
282,dialect_literacy,dialect,1,1,coastal-village,RS,female,spanish,3,29,m,4,5,2019-04-29T14:48:09Z,2019-04-29T16:03:06Z
282,dialect_literacy,dialect,1,1,coastal-village,RS,female,french,1,29,m,4,5,2019-04-29T14:48:09Z,2019-04-29T16:03:06Z
284,dialect_literacy,dialect,1,1,coastal-village,RS,female,english,5,53,f,3,3,2019-04-29T15:01:34Z,2019-04-29T16:39:27Z
284,dialect_literacy,dialect,1,1,coastal-village,RS,female,french,3,53,f,3,3,2019-04-29T15:01:34Z,2019-04-29T16:39:27Z
284,dialect_literacy,dialect,1,1,coastal-village,RS,female,german,2,53,f,3,3,2019-04-29T15:01:34Z,2019-04-29T16:39:27Z
285,dialect_literacy,dialect,1,1,coastal-village,RS,female,english,5,23,m,3,4,2019-04-29T15:57:05Z,2019-04-29T18:39:42Z
286,dialect_literacy,dialect,1,1,coastal-village,RS,female,english,5,27,m,4,5,2019-04-29T18:31:30Z,2019-04-29T20:11:12Z
286,dialect_literacy,dialect,1,1,coastal-village,RS,female,russian,4,27,m,4,5,2019-04-29T18:31:30Z,2019-04-29T20:11:12Z
286,dialect_literacy,dialect,1,1,coastal-village,RS,female,spanish,3,27,m,4,5,2019-04-29T18:31:30Z,2019-04-29T20:11:12Z
287,dialect_literacy,dialect,1,1,coastal-village,RS,female,english,5,67,f,5,5,2019-04-29T18:49:40Z,2019-04-29T20:17:14Z
288,dialect_literacy,dialect,1,1,coastal-village,RS,female,english,5,32,f,4,5,2019-04-29T18:50:56Z,2019-04-29T19:58:41Z
289,dialect_literacy,dialect,1,1,coastal-village,RS,female,english,5,18,m,3,5,2019-04-29T19:04:57Z,2019-04-29T20:29:01Z
289,dialect_literacy,dialect,1,1,coastal-village,RS,female,spanish,2,18,m,3,5,2019-04-29T19:04:57Z,2019-04-29T20:29:01Z
293,variety_mismatch_social,dialect,1,0,coastal-village,SR,female,english,5,23,f,4,5,2019-04-30T10:38:03Z,2019-04-30T11:52:46Z
293,variety_mismatch_social,dialect,1,0,coastal-village,SR,female,french,3,23,f,4,5,2019-04-30T10:38:03Z,2019-04-30T11:52:46Z
294,variety_mismatch_social,dialect,1,0,coastal-village,SR,female,english,5,37,f,4,5,2019-04-30T10:41:28Z,2019-04-30T12:08:38Z
295,variety_mismatch_social,dialect,1,0,coastal-village,SR,female,english,5,33,f,3,5,2019-04-30T10:46:55Z,2019-04-30T12:09:23Z
296,variety_mismatch_social,dialect,1,0,coastal-village,SR,female,english,5,28,f,4,5,2019-04-30T10:48:08Z,2019-04-30T12:45:33Z
297,variety_mismatch_social,dialect,1,0,coastal-village,SR,female,english,5,43,f,4,5,2019-04-30T10:48:31Z,2019-04-30T12:20:12Z
299,variety_mismatch_social,dialect,1,0,coastal-village,SR,female,english,5,29,f,5,5,2019-04-30T10:58:12Z,2019-04-30T12:26:30Z
300,variety_mismatch_social,dialect,1,0,coastal-village,SR,female,english,5,25,m,5,5,2019-04-30T10:59:48Z,2019-04-30T13:50:55Z
300,variety_mismatch_social,dialect,1,0,coastal-village,SR,female,lithuanian,5,25,m,5,5,2019-04-30T10:59:48Z,2019-04-30T13:50:55Z
303,variety_mismatch_social,dialect,1,0,coastal-village,SR,female,english,5,30,f,5,5,2019-04-30T12:01:00Z,2019-04-30T13:30:58Z
306,variety_mismatch_social,dialect,1,0,coastal-village,SR,female,english,5,18,f,3,5,2019-04-30T16:06:23Z,2019-04-30T17:38:24Z
306,variety_mismatch_social,dialect,1,0,coastal-village,SR,female,french,2,18,f,3,5,2019-04-30T16:06:23Z,2019-04-30T17:38:24Z
306,variety_mismatch_social,dialect,1,0,coastal-village,SR,female,spanish,1,18,f,3,5,2019-04-30T16:06:23Z,2019-04-30T17:38:24Z
311,variety_mismatch_social,dialect,1,0,coastal-village,SR,female,english,5,58,m,5,5,2019-05-01T11:21:44Z,2019-05-01T13:15:46Z
312,variety_mismatch,dialect,0,0,NA,RS,male,english,5,31,f,4,5,2019-05-01T16:04:30Z,2019-05-01T18:25:00Z
313,variety_mismatch,dialect,0,0,NA,RS,male,english,4,21,o,4,3,2019-05-01T16:10:07Z,2019-05-01T17:49:32Z
314,variety_mismatch,dialect,0,0,NA,RS,male,english,5,28,m,5,4,2019-05-01T16:25:41Z,2019-05-01T17:50:41Z
315,variety_mismatch,dialect,0,0,NA,RS,male,english,5,33,m,4,5,2019-05-01T16:28:16Z,2019-05-01T18:04:36Z
316,variety_mismatch,dialect,0,0,NA,RS,male,english,5,23,f,4,4,2019-05-01T16:28:49Z,2019-05-01T17:57:03Z
316,variety_mismatch,dialect,0,0,NA,RS,male,spanish,2,23,f,4,4,2019-05-01T16:28:49Z,2019-05-01T17:57:03Z
316,variety_mismatch,dialect,0,0,NA,RS,male,italian,1,23,f,4,4,2019-05-01T16:28:49Z,2019-05-01T17:57:03Z
316,variety_mismatch,dialect,0,0,NA,RS,male,french,1,23,f,4,4,2019-05-01T16:28:49Z,2019-05-01T17:57:03Z
316,variety_mismatch,dialect,0,0,NA,RS,male,welsh,1,23,f,4,4,2019-05-01T16:28:49Z,2019-05-01T17:57:03Z
317,variety_mismatch,dialect,0,0,NA,RS,male,english,5,42,m,4,5,2019-05-01T16:33:25Z,2019-05-01T17:59:27Z
317,variety_mismatch,dialect,0,0,NA,RS,male,french,5,42,m,4,5,2019-05-01T16:33:25Z,2019-05-01T17:59:27Z
318,variety_mismatch,dialect,0,0,NA,RS,male,english,5,24,f,4,4,2019-05-01T16:34:25Z,2019-05-01T17:57:53Z
319,variety_mismatch,dialect,0,0,NA,RS,male,english,5,21,f,4,5,2019-05-01T16:35:30Z,2019-05-01T18:17:21Z
319,variety_mismatch,dialect,0,0,NA,RS,male,hindi,5,21,f,4,5,2019-05-01T16:35:30Z,2019-05-01T18:17:21Z
319,variety_mismatch,dialect,0,0,NA,RS,male,punjabi,3,21,f,4,5,2019-05-01T16:35:30Z,2019-05-01T18:17:21Z
319,variety_mismatch,dialect,0,0,NA,RS,male,urdu,3,21,f,4,5,2019-05-01T16:35:30Z,2019-05-01T18:17:21Z
321,variety_mismatch,dialect,0,0,NA,RS,male,english,5,32,m,3,5,2019-05-01T16:40:09Z,2019-05-01T17:40:27Z
322,variety_mismatch,dialect,0,0,NA,RS,male,english,5,35,f,4,5,2019-05-01T16:41:13Z,2019-05-01T18:10:21Z
323,variety_mismatch,dialect,0,0,NA,RS,male,english,5,36,f,4,3,2019-05-01T16:45:55Z,2019-05-01T19:01:21Z
323,variety_mismatch,dialect,0,0,NA,RS,male,spanish,1,36,f,4,3,2019-05-01T16:45:55Z,2019-05-01T19:01:21Z
324,variety_mismatch,dialect,0,0,NA,RS,male,english,5,29,f,4,4,2019-05-01T16:46:44Z,2019-05-01T19:02:20Z
324,variety_mismatch,dialect,0,0,NA,RS,male,spanish,4,29,f,4,4,2019-05-01T16:46:44Z,2019-05-01T19:02:20Z
324,variety_mismatch,dialect,0,0,NA,RS,male,portuguese,1,29,f,4,4,2019-05-01T16:46:44Z,2019-05-01T19:02:20Z
325,variety_mismatch,dialect,0,0,NA,RS,male,english,5,43,m,5,5,2019-05-01T16:52:16Z,2019-05-01T18:51:18Z
328,variety_mismatch,dialect,0,0,NA,RS,male,english,4,24,m,1,4,2019-05-01T16:56:12Z,2019-05-01T18:45:32Z
329,variety_mismatch,dialect,0,0,NA,RS,male,english,5,27,f,4,5,2019-05-01T16:57:45Z,2019-05-01T18:34:35Z
330,variety_mismatch,dialect,0,0,NA,RS,male,english,5,21,f,4,4,2019-05-01T17:06:47Z,2019-05-01T18:23:27Z
330,variety_mismatch,dialect,0,0,NA,RS,male,german,1,21,f,4,4,2019-05-01T17:06:47Z,2019-05-01T18:23:27Z
331,variety_mismatch,dialect,0,0,NA,RS,male,english,5,24,f,3,5,2019-05-01T17:07:56Z,2019-05-01T19:33:53Z
331,variety_mismatch,dialect,0,0,NA,RS,male,french,4,24,f,3,5,2019-05-01T17:07:56Z,2019-05-01T19:33:53Z
333,variety_mismatch,dialect,0,0,NA,RS,male,english,5,35,f,3,3,2019-05-01T17:34:52Z,2019-05-01T19:20:48Z
334,variety_mismatch,dialect,0,0,NA,RS,male,english,5,30,m,4,5,2019-05-01T18:32:58Z,2019-05-01T20:25:56Z
334,variety_mismatch,dialect,0,0,NA,RS,male,french,4,30,m,4,5,2019-05-01T18:32:58Z,2019-05-01T20:25:56Z
334,variety_mismatch,dialect,0,0,NA,RS,male,german,4,30,m,4,5,2019-05-01T18:32:58Z,2019-05-01T20:25:56Z
334,variety_mismatch,dialect,0,0,NA,RS,male,norwegian,1,30,m,4,5,2019-05-01T18:32:58Z,2019-05-01T20:25:56Z
335,variety_mismatch,dialect,0,0,NA,RS,male,english,5,25,m,5,5,2019-05-01T21:03:47Z,2019-05-01T23:08:35Z
336,dialect_literacy,dialect,1,1,mountain-village,RS,male,english,5,52,m,1,5,2019-05-02T10:49:36Z,2019-05-02T12:50:45Z
336,dialect_literacy,dialect,1,1,mountain-village,RS,male,spanish,3,52,m,1,5,2019-05-02T10:49:36Z,2019-05-02T12:50:45Z
337,dialect_literacy,dialect,1,1,mountain-village,RS,male,english,5,27,f,5,5,2019-05-02T11:00:41Z,2019-05-02T12:02:43Z
340,dialect_literacy,dialect,1,1,mountain-village,RS,male,english,5,18,m,4,5,2019-05-02T11:06:24Z,2019-05-02T11:58:55Z
340,dialect_literacy,dialect,1,1,mountain-village,RS,male,polish,1,18,m,4,5,2019-05-02T11:06:24Z,2019-05-02T11:58:55Z
342,dialect_literacy,dialect,1,1,mountain-village,RS,male,english,5,41,f,2,4,2019-05-02T11:15:36Z,2019-05-02T13:25:23Z
342,dialect_literacy,dialect,1,1,mountain-village,RS,male,spanish,2,41,f,2,4,2019-05-02T11:15:36Z,2019-05-02T13:25:23Z
342,dialect_literacy,dialect,1,1,mountain-village,RS,male,italian,1,41,f,2,4,2019-05-02T11:15:36Z,2019-05-02T13:25:23Z
344,dialect_literacy,dialect,1,1,mountain-village,RS,male,english,5,25,f,4,5,2019-05-02T11:18:34Z,2019-05-02T12:43:25Z
344,dialect_literacy,dialect,1,1,mountain-village,RS,male,swedish,2,25,f,4,5,2019-05-02T11:18:34Z,2019-05-02T12:43:25Z
344,dialect_literacy,dialect,1,1,mountain-village,RS,male,korean,1,25,f,4,5,2019-05-02T11:18:34Z,2019-05-02T12:43:25Z
345,dialect_literacy,dialect,1,1,mountain-village,RS,male,english,5,34,f,2,5,2019-05-02T11:19:06Z,2019-05-02T12:06:59Z
346,dialect_literacy,dialect,1,1,mountain-village,RS,male,english,5,35,f,4,5,2019-05-02T11:33:35Z,2019-05-02T12:52:49Z
346,dialect_literacy,dialect,1,1,mountain-village,RS,male,italian,2,35,f,4,5,2019-05-02T11:33:35Z,2019-05-02T12:52:49Z
346,dialect_literacy,dialect,1,1,mountain-village,RS,male,french,1,35,f,4,5,2019-05-02T11:33:35Z,2019-05-02T12:52:49Z
347,dialect_literacy,dialect,1,1,mountain-village,RS,male,english,5,47,f,4,4,2019-05-02T11:39:30Z,2019-05-02T13:27:23Z
347,dialect_literacy,dialect,1,1,mountain-village,RS,male,french,1,47,f,4,4,2019-05-02T11:39:30Z,2019-05-02T13:27:23Z
347,dialect_literacy,dialect,1,1,mountain-village,RS,male,spanish,1,47,f,4,4,2019-05-02T11:39:30Z,2019-05-02T13:27:23Z
349,dialect_literacy,dialect,1,1,mountain-village,RS,male,english,5,40,f,3,5,2019-05-02T15:15:46Z,2019-05-02T17:51:54Z
349,dialect_literacy,dialect,1,1,mountain-village,RS,male,cantonese,1,40,f,3,5,2019-05-02T15:15:46Z,2019-05-02T17:51:54Z
350,dialect_literacy,dialect,1,1,mountain-village,RS,male,english,5,25,f,4,5,2019-05-03T10:02:12Z,2019-05-03T11:13:33Z
350,dialect_literacy,dialect,1,1,mountain-village,RS,male,german,2,25,f,4,5,2019-05-03T10:02:12Z,2019-05-03T11:13:33Z
351,variety_mismatch_social,dialect,1,0,mountain-village,SR,male,english,1,18,f,5,5,2019-05-03T14:12:05Z,2019-05-03T15:34:07Z
351,variety_mismatch_social,dialect,1,0,mountain-village,SR,male,spanish,4,18,f,5,5,2019-05-03T14:12:05Z,2019-05-03T15:34:07Z
352,variety_mismatch_social,dialect,1,0,mountain-village,SR,male,english,5,56,f,4,4,2019-05-03T14:24:16Z,2019-05-03T17:29:52Z
352,variety_mismatch_social,dialect,1,0,mountain-village,SR,male,spanish,2,56,f,4,4,2019-05-03T14:24:16Z,2019-05-03T17:29:52Z
354,variety_mismatch_social,dialect,1,0,mountain-village,SR,male,english,5,35,m,4,5,2019-05-03T14:48:19Z,2019-05-03T16:21:03Z
355,variety_mismatch_social,dialect,1,0,mountain-village,SR,male,english,5,22,f,5,5,2019-05-03T14:48:50Z,2019-05-03T16:09:02Z
357,variety_mismatch_social,dialect,1,0,mountain-village,SR,male,english,4,22,f,4,2,2019-05-03T14:52:36Z,2019-05-03T17:08:56Z
357,variety_mismatch_social,dialect,1,0,mountain-village,SR,male,mandarin,4,22,f,4,2,2019-05-03T14:52:36Z,2019-05-03T17:08:56Z
357,variety_mismatch_social,dialect,1,0,mountain-village,SR,male,malay,2,22,f,4,2,2019-05-03T14:52:36Z,2019-05-03T17:08:56Z
357,variety_mismatch_social,dialect,1,0,mountain-village,SR,male,spanish,2,22,f,4,2,2019-05-03T14:52:36Z,2019-05-03T17:08:56Z
358,variety_mismatch_social,dialect,1,0,mountain-village,SR,male,english,5,31,f,5,5,2019-05-03T14:53:31Z,2019-05-03T15:56:11Z
361,variety_mismatch_social,dialect,1,0,mountain-village,SR,male,english,5,23,f,5,4,2019-05-03T15:22:00Z,2019-05-03T16:45:48Z
364,variety_mismatch_social,dialect,1,0,mountain-village,SR,male,english,5,53,m,1,5,2019-05-05T15:48:27Z,2019-05-05T16:58:17Z
368,variety_mismatch_social,dialect,1,0,mountain-village,SR,male,english,5,63,f,1,5,2019-05-05T20:16:32Z,2019-05-05T21:45:43Z
368,variety_mismatch_social,dialect,1,0,mountain-village,SR,male,french,2,63,f,1,5,2019-05-05T20:16:32Z,2019-05-05T21:45:43Z
369,dialect_literacy,dialect,1,1,mountain-village,SR,male,english,5,18,f,5,5,2019-05-06T09:32:57Z,2019-05-06T11:33:37Z
369,dialect_literacy,dialect,1,1,mountain-village,SR,male,spanish,4,18,f,5,5,2019-05-06T09:32:57Z,2019-05-06T11:33:37Z
370,dialect_literacy,dialect,1,1,mountain-village,SR,male,english,4,42,m,4,5,2019-05-06T09:44:02Z,2019-05-06T11:01:28Z
373,dialect_literacy,dialect,1,1,mountain-village,SR,male,english,5,33,f,4,5,2019-05-06T09:58:48Z,2019-05-06T11:10:45Z
374,dialect_literacy,dialect,1,1,mountain-village,SR,male,english,5,30,f,3,4,2019-05-06T10:01:07Z,2019-05-06T12:11:43Z
374,dialect_literacy,dialect,1,1,mountain-village,SR,male,spanish,3,30,f,3,4,2019-05-06T10:01:07Z,2019-05-06T12:11:43Z
376,dialect_literacy,dialect,1,1,mountain-village,SR,male,english,5,23,m,5,5,2019-05-06T10:16:06Z,2019-05-06T11:56:07Z
378,dialect_literacy,dialect,1,1,mountain-village,SR,male,english,5,20,f,2,4,2019-05-06T14:04:00Z,2019-05-06T15:54:05Z
378,dialect_literacy,dialect,1,1,mountain-village,SR,male,malay,3,20,f,2,4,2019-05-06T14:04:00Z,2019-05-06T15:54:05Z
380,dialect_literacy,dialect,1,1,mountain-village,SR,male,english,5,61,f,2,3,2019-05-07T11:46:20Z,2019-05-07T14:21:18Z
380,dialect_literacy,dialect,1,1,mountain-village,SR,male,french,1,61,f,2,3,2019-05-07T11:46:20Z,2019-05-07T14:21:18Z
380,dialect_literacy,dialect,1,1,mountain-village,SR,male,latin,1,61,f,2,3,2019-05-07T11:46:20Z,2019-05-07T14:21:18Z
381,dialect_literacy,dialect,1,1,mountain-village,SR,male,english,5,53,f,3,5,2019-05-07T11:50:34Z,2019-05-07T13:31:10Z
381,dialect_literacy,dialect,1,1,mountain-village,SR,male,french,3,53,f,3,5,2019-05-07T11:50:34Z,2019-05-07T13:31:10Z
381,dialect_literacy,dialect,1,1,mountain-village,SR,male,german,1,53,f,3,5,2019-05-07T11:50:34Z,2019-05-07T13:31:10Z
382,variety_mismatch_social,dialect,1,0,mountain-village,RS,male,english,5,21,m,4,5,2019-05-08T07:59:50Z,2019-05-08T09:37:12Z
382,variety_mismatch_social,dialect,1,0,mountain-village,RS,male,chinese,5,21,m,4,5,2019-05-08T07:59:50Z,2019-05-08T09:37:12Z
382,variety_mismatch_social,dialect,1,0,mountain-village,RS,male,spanish,2,21,m,4,5,2019-05-08T07:59:50Z,2019-05-08T09:37:12Z
382,variety_mismatch_social,dialect,1,0,mountain-village,RS,male,korean,1,21,m,4,5,2019-05-08T07:59:50Z,2019-05-08T09:37:12Z
383,variety_mismatch_social,dialect,1,0,mountain-village,RS,male,english,5,25,f,1,4,2019-05-08T08:40:47Z,2019-05-08T09:42:18Z
384,variety_mismatch_social,dialect,1,0,mountain-village,RS,male,english,5,35,f,4,5,2019-05-08T08:59:58Z,2019-05-08T10:26:11Z
384,variety_mismatch_social,dialect,1,0,mountain-village,RS,male,french,2,35,f,4,5,2019-05-08T08:59:58Z,2019-05-08T10:26:11Z
385,variety_mismatch_social,dialect,1,0,mountain-village,RS,male,english,5,33,m,4,5,2019-05-08T09:01:49Z,2019-05-08T10:51:58Z
386,variety_mismatch_social,dialect,1,0,mountain-village,RS,male,english,5,28,f,5,5,2019-05-08T09:03:19Z,2019-05-08T10:53:21Z
387,variety_mismatch_social,dialect,1,0,mountain-village,RS,male,english,5,24,m,1,5,2019-05-08T09:03:29Z,2019-05-08T11:40:42Z
387,variety_mismatch_social,dialect,1,0,mountain-village,RS,male,mandarin,3,24,m,1,5,2019-05-08T09:03:29Z,2019-05-08T11:40:42Z
390,variety_mismatch_social,dialect,1,0,mountain-village,RS,male,english,5,42,m,4,4,2019-05-08T09:08:57Z,2019-05-08T10:43:30Z
392,variety_mismatch_social,dialect,1,0,mountain-village,RS,male,english,5,30,f,2,5,2019-05-08T10:36:28Z,2019-05-08T12:33:13Z
393,variety_mismatch_social,dialect,1,0,mountain-village,RS,male,english,4,29,f,4,5,2019-05-08T13:25:38Z,2019-05-08T14:37:53Z
394,variety_mismatch_social,dialect,1,0,mountain-village,RS,male,english,5,24,f,4,5,2019-05-08T13:46:29Z,2019-05-08T15:00:43Z
394,variety_mismatch_social,dialect,1,0,mountain-village,RS,male,spanish,4,24,f,4,5,2019-05-08T13:46:29Z,2019-05-08T15:00:43Z
394,variety_mismatch_social,dialect,1,0,mountain-village,RS,male,french,1,24,f,4,5,2019-05-08T13:46:29Z,2019-05-08T15:00:43Z
399,variety_mismatch_social,dialect,1,0,mountain-village,RS,female,english,5,20,f,2,1,2019-05-08T16:36:55Z,2019-05-08T17:50:12Z
399,variety_mismatch_social,dialect,1,0,mountain-village,RS,female,french,2,20,f,2,1,2019-05-08T16:36:55Z,2019-05-08T17:50:12Z
399,variety_mismatch_social,dialect,1,0,mountain-village,RS,female,spanish,3,20,f,2,1,2019-05-08T16:36:55Z,2019-05-08T17:50:12Z
400,variety_mismatch_social,dialect,1,0,mountain-village,RS,female,english,5,20,m,2,4,2019-05-08T16:37:49Z,2019-05-08T18:01:41Z
401,variety_mismatch_social,dialect,1,0,mountain-village,RS,female,english,5,18,m,4,4,2019-05-08T16:39:30Z,2019-05-08T18:16:43Z
402,variety_mismatch_social,dialect,1,0,mountain-village,RS,female,english,5,21,f,5,4,2019-05-08T16:41:51Z,2019-05-08T18:11:19Z
402,variety_mismatch_social,dialect,1,0,mountain-village,RS,female,french,1,21,f,5,4,2019-05-08T16:41:51Z,2019-05-08T18:11:19Z
404,variety_mismatch_social,dialect,1,0,mountain-village,RS,female,english,1,56,f,2,5,2019-05-08T16:54:32Z,2019-05-08T18:28:08Z
405,variety_mismatch_social,dialect,1,0,mountain-village,RS,female,english,5,29,m,4,5,2019-05-08T16:55:41Z,2019-05-08T19:27:56Z
408,variety_mismatch_social,dialect,1,0,mountain-village,RS,female,english,5,37,f,4,4,2019-05-08T19:24:15Z,2019-05-08T20:17:02Z
411,variety_mismatch_social,dialect,1,0,mountain-village,RS,female,english,5,18,m,4,5,2019-05-08T20:55:06Z,2019-05-08T22:29:50Z
412,variety_mismatch_social,dialect,1,0,mountain-village,RS,female,english,5,40,m,5,2,2019-05-08T21:04:15Z,2019-05-08T22:38:09Z
412,variety_mismatch_social,dialect,1,0,mountain-village,RS,female,german,2,40,m,5,2,2019-05-08T21:04:15Z,2019-05-08T22:38:09Z
412,variety_mismatch_social,dialect,1,0,mountain-village,RS,female,french,2,40,m,5,2,2019-05-08T21:04:15Z,2019-05-08T22:38:09Z
412,variety_mismatch_social,dialect,1,0,mountain-village,RS,female,latin,1,40,m,5,2,2019-05-08T21:04:15Z,2019-05-08T22:38:09Z
413,variety_mismatch_social,dialect,1,0,mountain-village,RS,female,english,5,18,f,2,5,2019-05-08T21:16:45Z,2019-05-08T22:38:11Z
413,variety_mismatch_social,dialect,1,0,mountain-village,RS,female,chinese,1,18,f,2,5,2019-05-08T21:16:45Z,2019-05-08T22:38:11Z
415,variety_mismatch,dialect,0,0,NA,SR,male,english,5,24,m,5,5,2019-05-09T16:52:25Z,2019-05-09T19:30:43Z
416,variety_mismatch,dialect,0,0,NA,SR,male,english,5,24,m,5,5,2019-05-09T17:01:36Z,2019-05-09T18:49:19Z
417,variety_mismatch,dialect,0,0,NA,SR,male,english,5,33,f,4,5,2019-05-09T17:08:11Z,2019-05-09T19:02:46Z
420,variety_mismatch,dialect,0,0,NA,SR,male,english,5,50,f,3,4,2019-05-09T17:21:51Z,2019-05-09T18:52:20Z
422,variety_mismatch,dialect,0,0,NA,SR,male,english,5,37,m,3,4,2019-05-09T17:27:17Z,2019-05-09T18:53:41Z
423,variety_mismatch,dialect,0,0,NA,SR,male,english,5,28,f,4,5,2019-05-09T17:30:37Z,2019-05-09T19:07:33Z
423,variety_mismatch,dialect,0,0,NA,SR,male,spanish,1,28,f,4,5,2019-05-09T17:30:37Z,2019-05-09T19:07:33Z
428,variety_mismatch,dialect,0,0,NA,SR,male,english,5,27,f,4,4,2019-05-09T17:44:20Z,2019-05-09T20:10:23Z
429,variety_mismatch,dialect,0,0,NA,SR,male,english,5,30,m,5,5,2019-05-09T17:45:00Z,2019-05-09T19:29:55Z
429,variety_mismatch,dialect,0,0,NA,SR,male,french,3,30,m,5,5,2019-05-09T17:45:00Z,2019-05-09T19:29:55Z
429,variety_mismatch,dialect,0,0,NA,SR,male,spanish,1,30,m,5,5,2019-05-09T17:45:00Z,2019-05-09T19:29:55Z
429,variety_mismatch,dialect,0,0,NA,SR,male,italian,1,30,m,5,5,2019-05-09T17:45:00Z,2019-05-09T19:29:55Z
430,variety_mismatch,dialect,0,0,NA,SR,male,english,5,49,f,5,5,2019-05-09T17:46:18Z,2019-05-09T22:01:18Z
430,variety_mismatch,dialect,0,0,NA,SR,male,yoruba,5,49,f,5,5,2019-05-09T17:46:18Z,2019-05-09T22:01:18Z
430,variety_mismatch,dialect,0,0,NA,SR,male,swedish,1,49,f,5,5,2019-05-09T17:46:18Z,2019-05-09T22:01:18Z
432,variety_mismatch,dialect,0,0,NA,SR,male,english,5,25,m,5,5,2019-05-09T17:52:51Z,2019-05-09T19:27:57Z
433,variety_mismatch,dialect,0,0,NA,SR,male,english,5,34,f,4,4,2019-05-09T17:54:22Z,2019-05-09T19:52:44Z
434,variety_mismatch,dialect,0,0,NA,SR,male,english,5,24,f,1,2,2019-05-09T17:56:37Z,2019-05-09T19:46:16Z
435,variety_mismatch,dialect,0,0,NA,SR,male,english,5,23,o,3,5,2019-05-09T17:59:03Z,2019-05-09T19:38:37Z
435,variety_mismatch,dialect,0,0,NA,SR,male,french,1,23,o,3,5,2019-05-09T17:59:03Z,2019-05-09T19:38:37Z
438,variety_mismatch,dialect,0,0,NA,SR,male,english,5,24,m,3,5,2019-05-09T18:18:58Z,2019-05-09T19:55:54Z
439,variety_mismatch,dialect,0,0,NA,SR,male,english,5,20,f,3,5,2019-05-09T18:30:11Z,2019-05-09T19:25:27Z
440,variety_mismatch,dialect,0,0,NA,SR,male,english,5,24,m,4,5,2019-05-09T18:38:38Z,2019-05-09T20:27:02Z
441,variety_mismatch,dialect,0,0,NA,SR,male,english,5,43,f,5,4,2019-05-09T19:00:15Z,2019-05-09T20:20:55Z
441,variety_mismatch,dialect,0,0,NA,SR,male,german,3,43,f,5,4,2019-05-09T19:00:15Z,2019-05-09T20:20:55Z
441,variety_mismatch,dialect,0,0,NA,SR,male,french,3,43,f,5,4,2019-05-09T19:00:15Z,2019-05-09T20:20:55Z
441,variety_mismatch,dialect,0,0,NA,SR,male,bsl,3,43,f,5,4,2019-05-09T19:00:15Z,2019-05-09T20:20:55Z
444,variety_mismatch,dialect,0,0,NA,SR,male,english,5,25,f,2,5,2019-05-09T21:55:04Z,2019-05-10T00:44:33Z
446,variety_mismatch,dialect,0,0,NA,SR,male,english,5,26,m,5,5,2019-05-10T08:25:25Z,2019-05-10T12:00:28Z
446,variety_mismatch,dialect,0,0,NA,SR,male,portuguese,2,26,m,5,5,2019-05-10T08:25:25Z,2019-05-10T12:00:28Z
448,variety_mismatch_social,dialect,1,0,coastal-village,SR,male,english,5,52,m,5,5,2019-05-10T14:46:16Z,2019-05-10T16:44:43Z
449,variety_mismatch_social,dialect,1,0,coastal-village,SR,male,english,5,22,m,3,5,2019-05-10T14:51:12Z,2019-05-10T16:13:32Z
449,variety_mismatch_social,dialect,1,0,coastal-village,SR,male,spanish,1,22,m,3,5,2019-05-10T14:51:12Z,2019-05-10T16:13:32Z
451,variety_mismatch_social,dialect,1,0,coastal-village,SR,male,english,5,23,f,4,5,2019-05-10T14:58:53Z,2019-05-10T16:41:19Z
451,variety_mismatch_social,dialect,1,0,coastal-village,SR,male,spanish,2,23,f,4,5,2019-05-10T14:58:53Z,2019-05-10T16:41:19Z
452,variety_mismatch_social,dialect,1,0,coastal-village,SR,male,english,5,27,f,2,5,2019-05-10T15:01:49Z,2019-05-10T16:25:03Z
452,variety_mismatch_social,dialect,1,0,coastal-village,SR,male,french,1,27,f,2,5,2019-05-10T15:01:49Z,2019-05-10T16:25:03Z
452,variety_mismatch_social,dialect,1,0,coastal-village,SR,male,spanish,2,27,f,2,5,2019-05-10T15:01:49Z,2019-05-10T16:25:03Z
453,variety_mismatch_social,dialect,1,0,coastal-village,SR,male,english,5,22,f,4,5,2019-05-10T15:09:21Z,2019-05-10T16:36:11Z
453,variety_mismatch_social,dialect,1,0,coastal-village,SR,male,french,2,22,f,4,5,2019-05-10T15:09:21Z,2019-05-10T16:36:11Z
456,variety_mismatch_social,dialect,1,0,coastal-village,SR,male,english,5,24,m,1,3,2019-05-10T16:21:53Z,2019-05-10T18:14:37Z
458,variety_mismatch_social,dialect,1,0,coastal-village,SR,male,english,5,24,f,4,5,2019-05-10T19:01:31Z,2019-05-10T21:29:58Z
459,variety_mismatch_social,dialect,1,0,coastal-village,SR,male,english,5,33,f,4,5,2019-05-10T19:09:30Z,2019-05-10T21:33:35Z
463,variety_mismatch_social,dialect,1,0,coastal-village,SR,male,english,5,22,f,4,5,2019-05-10T23:13:21Z,2019-05-11T00:04:23Z
467,variety_mismatch,dialect,0,0,NA,SR,female,english,5,24,f,3,5,2019-05-13T12:05:03Z,2019-05-13T13:29:41Z
467,variety_mismatch,dialect,0,0,NA,SR,female,hebrew,4,24,f,3,5,2019-05-13T12:05:03Z,2019-05-13T13:29:41Z
467,variety_mismatch,dialect,0,0,NA,SR,female,romanian,3,24,f,3,5,2019-05-13T12:05:03Z,2019-05-13T13:29:41Z
467,variety_mismatch,dialect,0,0,NA,SR,female,spanish,2,24,f,3,5,2019-05-13T12:05:03Z,2019-05-13T13:29:41Z
469,variety_mismatch,dialect,0,0,NA,SR,female,english,5,19,f,4,5,2019-05-13T12:09:52Z,2019-05-13T14:08:43Z
470,variety_mismatch,dialect,0,0,NA,SR,female,english,5,21,f,4,5,2019-05-13T12:20:10Z,2019-05-13T14:09:07Z
470,variety_mismatch,dialect,0,0,NA,SR,female,spanish,2,21,f,4,5,2019-05-13T12:20:10Z,2019-05-13T14:09:07Z
472,variety_mismatch,dialect,0,0,NA,SR,female,english,5,31,m,5,5,2019-05-13T12:27:55Z,2019-05-13T13:38:18Z
472,variety_mismatch,dialect,0,0,NA,SR,female,french,1,31,m,5,5,2019-05-13T12:27:55Z,2019-05-13T13:38:18Z
473,variety_mismatch,dialect,0,0,NA,SR,female,english,5,30,f,4,5,2019-05-13T12:32:12Z,2019-05-13T14:11:12Z
473,variety_mismatch,dialect,0,0,NA,SR,female,norsk,1,30,f,4,5,2019-05-13T12:32:12Z,2019-05-13T14:11:12Z
474,variety_mismatch,dialect,0,0,NA,SR,female,english,5,32,m,2,4,2019-05-13T12:32:55Z,2019-05-13T15:17:46Z
475,variety_mismatch,dialect,0,0,NA,SR,female,english,5,33,f,4,5,2019-05-13T12:35:50Z,2019-05-13T13:30:43Z
476,variety_mismatch,dialect,0,0,NA,SR,female,english,5,47,f,4,5,2019-05-13T12:37:29Z,2019-05-13T14:40:35Z
476,variety_mismatch,dialect,0,0,NA,SR,female,french,1,47,f,4,5,2019-05-13T12:37:29Z,2019-05-13T14:40:35Z
477,variety_mismatch,dialect,0,0,NA,SR,female,english,5,29,f,5,4,2019-05-13T12:38:39Z,2019-05-13T14:04:55Z
477,variety_mismatch,dialect,0,0,NA,SR,female,portuguese,5,29,f,5,4,2019-05-13T12:38:39Z,2019-05-13T14:04:55Z
477,variety_mismatch,dialect,0,0,NA,SR,female,spanish,3,29,f,5,4,2019-05-13T12:38:39Z,2019-05-13T14:04:55Z
477,variety_mismatch,dialect,0,0,NA,SR,female,french,3,29,f,5,4,2019-05-13T12:38:39Z,2019-05-13T14:04:55Z
478,variety_mismatch,dialect,0,0,NA,SR,female,english,5,32,f,1,5,2019-05-13T12:40:54Z,2019-05-13T14:13:45Z
480,variety_mismatch,dialect,0,0,NA,SR,female,english,5,24,m,3,5,2019-05-13T12:43:28Z,2019-05-13T13:30:46Z
481,variety_mismatch,dialect,0,0,NA,SR,female,english,5,43,m,3,5,2019-05-13T12:49:07Z,2019-05-13T14:20:13Z
484,variety_mismatch,dialect,0,0,NA,SR,female,english,5,45,f,4,5,2019-05-13T12:58:08Z,2019-05-13T14:06:36Z
484,variety_mismatch,dialect,0,0,NA,SR,female,french,2,45,f,4,5,2019-05-13T12:58:08Z,2019-05-13T14:06:36Z
485,variety_mismatch,dialect,0,0,NA,SR,female,english,5,47,f,4,5,2019-05-13T13:18:20Z,2019-05-13T14:36:57Z
485,variety_mismatch,dialect,0,0,NA,SR,female,french,1,47,f,4,5,2019-05-13T13:18:20Z,2019-05-13T14:36:57Z
488,variety_mismatch,dialect,0,0,NA,SR,female,english,5,34,m,5,5,2019-05-13T16:50:39Z,2019-05-13T18:24:46Z
489,variety_mismatch,dialect,0,0,NA,SR,female,english,5,27,m,3,5,2019-05-13T17:17:19Z,2019-05-13T19:30:11Z
492,variety_mismatch,dialect,0,0,NA,SR,female,english,5,33,f,5,5,2019-05-14T11:00:34Z,2019-05-14T12:29:52Z
494,variety_mismatch,dialect,0,0,NA,SR,female,english,3,23,f,5,4,2019-05-14T11:07:06Z,2019-05-14T12:49:52Z
494,variety_mismatch,dialect,0,0,NA,SR,female,portuguese,5,23,f,5,4,2019-05-14T11:07:06Z,2019-05-14T12:49:52Z
494,variety_mismatch,dialect,0,0,NA,SR,female,spanish,3,23,f,5,4,2019-05-14T11:07:06Z,2019-05-14T12:49:52Z
494,variety_mismatch,dialect,0,0,NA,SR,female,french,2,23,f,5,4,2019-05-14T11:07:06Z,2019-05-14T12:49:52Z
495,variety_mismatch,dialect,0,0,NA,SR,female,english,4,34,m,3,5,2019-05-14T15:04:33Z,2019-05-14T18:14:51Z
499,variety_mismatch_social,dialect,1,0,coastal-village,RS,female,english,5,34,f,2,5,2019-05-15T11:26:34Z,2019-05-15T14:24:33Z
500,variety_mismatch_social,dialect,1,0,coastal-village,RS,female,english,5,22,f,3,4,2019-05-15T11:28:20Z,2019-05-15T13:20:28Z
502,variety_mismatch_social,dialect,1,0,coastal-village,RS,female,english,5,35,f,3,5,2019-05-15T11:37:32Z,2019-05-15T13:03:50Z
503,variety_mismatch_social,dialect,1,0,coastal-village,RS,female,english,5,40,f,4,4,2019-05-15T11:39:13Z,2019-05-15T14:14:38Z
503,variety_mismatch_social,dialect,1,0,coastal-village,RS,female,french,1,40,f,4,4,2019-05-15T11:39:13Z,2019-05-15T14:14:38Z
504,variety_mismatch_social,dialect,1,0,coastal-village,RS,female,english,5,48,f,5,5,2019-05-15T11:39:35Z,2019-05-15T13:40:27Z
505,variety_mismatch_social,dialect,1,0,coastal-village,RS,female,english,5,28,f,4,5,2019-05-15T11:40:12Z,2019-05-15T13:21:24Z
506,variety_mismatch_social,dialect,1,0,coastal-village,RS,female,english,5,19,f,2,5,2019-05-15T11:42:30Z,2019-05-15T13:08:36Z
506,variety_mismatch_social,dialect,1,0,coastal-village,RS,female,french,1,19,f,2,5,2019-05-15T11:42:30Z,2019-05-15T13:08:36Z
506,variety_mismatch_social,dialect,1,0,coastal-village,RS,female,spanish,1,19,f,2,5,2019-05-15T11:42:30Z,2019-05-15T13:08:36Z
506,variety_mismatch_social,dialect,1,0,coastal-village,RS,female,italian,1,19,f,2,5,2019-05-15T11:42:30Z,2019-05-15T13:08:36Z
507,variety_mismatch_social,dialect,1,0,coastal-village,RS,female,english,5,37,m,4,5,2019-05-15T12:29:50Z,2019-05-15T13:26:49Z
507,variety_mismatch_social,dialect,1,0,coastal-village,RS,female,irish,4,37,m,4,5,2019-05-15T12:29:50Z,2019-05-15T13:26:49Z
511,variety_mismatch_social,dialect,1,0,coastal-village,RS,female,english,5,21,f,4,5,2019-05-16T10:18:57Z,2019-05-16T11:59:24Z
511,variety_mismatch_social,dialect,1,0,coastal-village,RS,female,french,1,21,f,4,5,2019-05-16T10:18:57Z,2019-05-16T11:59:24Z
511,variety_mismatch_social,dialect,1,0,coastal-village,RS,female,spanish,1,21,f,4,5,2019-05-16T10:18:57Z,2019-05-16T11:59:24Z
512,dialect_literacy,dialect,1,1,coastal-village,SR,male,english,5,24,f,5,4,2019-05-16T13:52:00Z,2019-05-16T15:33:23Z
512,dialect_literacy,dialect,1,1,coastal-village,SR,male,french,2,24,f,5,4,2019-05-16T13:52:00Z,2019-05-16T15:33:23Z
515,dialect_literacy,dialect,1,1,coastal-village,SR,male,english,5,28,m,5,1,2019-05-16T14:09:07Z,2019-05-16T17:21:36Z
515,dialect_literacy,dialect,1,1,coastal-village,SR,male,spanish,5,28,m,5,1,2019-05-16T14:09:07Z,2019-05-16T17:21:36Z
515,dialect_literacy,dialect,1,1,coastal-village,SR,male,portuguese,3,28,m,5,1,2019-05-16T14:09:07Z,2019-05-16T17:21:36Z
516,dialect_literacy,dialect,1,1,coastal-village,SR,male,english,5,25,m,2,4,2019-05-16T14:11:22Z,2019-05-16T15:43:16Z
516,dialect_literacy,dialect,1,1,coastal-village,SR,male,german,2,25,m,2,4,2019-05-16T14:11:22Z,2019-05-16T15:43:16Z
518,dialect_literacy,dialect,1,1,coastal-village,SR,male,english,5,19,m,5,4,2019-05-16T14:25:33Z,2019-05-16T15:57:18Z
518,dialect_literacy,dialect,1,1,coastal-village,SR,male,german,3,19,m,5,4,2019-05-16T14:25:33Z,2019-05-16T15:57:18Z
520,dialect_literacy,dialect,1,1,coastal-village,SR,male,english,5,21,f,1,2,2019-05-16T14:37:54Z,2019-05-16T17:48:06Z
520,dialect_literacy,dialect,1,1,coastal-village,SR,male,french,3,21,f,1,2,2019-05-16T14:37:54Z,2019-05-16T17:48:06Z
520,dialect_literacy,dialect,1,1,coastal-village,SR,male,mandarin,1,21,f,1,2,2019-05-16T14:37:54Z,2019-05-16T17:48:06Z
525,dialect_literacy,dialect,1,1,coastal-village,SR,male,english,5,20,m,4,5,2019-05-16T18:03:44Z,2019-05-16T20:05:41Z
525,dialect_literacy,dialect,1,1,coastal-village,SR,male,french,3,20,m,4,5,2019-05-16T18:03:44Z,2019-05-16T20:05:41Z
527,dialect_literacy,dialect,1,1,coastal-village,SR,male,english,5,29,f,4,5,2019-05-16T18:16:39Z,2019-05-16T20:11:53Z
528,dialect_literacy,dialect,1,1,coastal-village,SR,male,english,3,19,m,4,5,2019-05-16T18:19:59Z,2019-05-16T21:18:02Z
528,dialect_literacy,dialect,1,1,coastal-village,SR,male,vietnamese,1,19,m,4,5,2019-05-16T18:19:59Z,2019-05-16T21:18:02Z
530,dialect_literacy,dialect,1,1,coastal-village,SR,male,english,5,26,m,4,5,2019-05-16T18:31:29Z,2019-05-16T20:01:27Z
530,dialect_literacy,dialect,1,1,coastal-village,SR,male,german,3,26,m,4,5,2019-05-16T18:31:29Z,2019-05-16T20:01:27Z
530,dialect_literacy,dialect,1,1,coastal-village,SR,male,dutch,2,26,m,4,5,2019-05-16T18:31:29Z,2019-05-16T20:01:27Z
532,dialect_literacy,dialect,1,1,coastal-village,SR,male,english,5,35,f,1,5,2019-05-16T19:19:12Z,2019-05-16T23:04:02Z
534,variety_match,standard,0,0,NA,RS,male,english,1,21,f,4,5,2019-05-17T11:37:40Z,2019-05-17T13:15:06Z
536,variety_match,standard,0,0,NA,RS,male,english,5,26,m,4,5,2019-05-17T11:49:44Z,2019-05-17T14:56:56Z
536,variety_match,standard,0,0,NA,RS,male,tamil,4,26,m,4,5,2019-05-17T11:49:44Z,2019-05-17T14:56:56Z
538,variety_match,standard,0,0,NA,RS,male,english,5,21,m,5,5,2019-05-17T12:23:11Z,2019-05-17T14:53:56Z
540,variety_mismatch_social,dialect,1,0,coastal-village,SR,male,english,5,34,f,4,5,2019-05-17T20:49:33Z,2019-05-17T22:20:52Z
541,dialect_literacy,dialect,1,1,coastal-village,RS,male,english,5,30,f,3,4,2019-05-19T16:26:17Z,2019-05-19T17:40:48Z
544,variety_mismatch,dialect,0,0,NA,RS,female,english,5,26,m,5,4,2019-05-20T12:48:01Z,2019-05-20T15:36:26Z
544,variety_mismatch,dialect,0,0,NA,RS,female,afrikaans,5,26,m,5,4,2019-05-20T12:48:01Z,2019-05-20T15:36:26Z
544,variety_mismatch,dialect,0,0,NA,RS,female,german,3,26,m,5,4,2019-05-20T12:48:01Z,2019-05-20T15:36:26Z
544,variety_mismatch,dialect,0,0,NA,RS,female,french,3,26,m,5,4,2019-05-20T12:48:01Z,2019-05-20T15:36:26Z
544,variety_mismatch,dialect,0,0,NA,RS,female,dutch,3,26,m,5,4,2019-05-20T12:48:01Z,2019-05-20T15:36:26Z
545,variety_match,standard,0,0,NA,SR,female,english,5,18,m,5,4,2019-05-20T18:17:54Z,2019-05-20T19:50:19Z
545,variety_match,standard,0,0,NA,SR,female,french,2,18,m,5,4,2019-05-20T18:17:54Z,2019-05-20T19:50:19Z
548,variety_mismatch,dialect,0,0,NA,SR,female,english,5,37,f,2,4,2019-05-21T11:02:36Z,2019-05-21T13:15:46Z
548,variety_mismatch,dialect,0,0,NA,SR,female,french,4,37,f,2,4,2019-05-21T11:02:36Z,2019-05-21T13:15:46Z
548,variety_mismatch,dialect,0,0,NA,SR,female,italian,1,37,f,2,4,2019-05-21T11:02:36Z,2019-05-21T13:15:46Z
548,variety_mismatch,dialect,0,0,NA,SR,female,spanish,1,37,f,2,4,2019-05-21T11:02:36Z,2019-05-21T13:15:46Z
548,variety_mismatch,dialect,0,0,NA,SR,female,german,1,37,f,2,4,2019-05-21T11:02:36Z,2019-05-21T13:15:46Z
550,variety_match,standard,0,0,NA,RS,male,english,5,40,m,1,4,2019-05-21T15:39:41Z,2019-05-21T16:18:32Z
551,dialect_literacy,dialect,1,1,coastal-village,SR,female,english,5,39,f,4,4,2019-05-22T12:38:44Z,2019-05-22T14:36:01Z
551,dialect_literacy,dialect,1,1,coastal-village,SR,female,french,1,39,f,4,4,2019-05-22T12:38:44Z,2019-05-22T14:36:01Z
551,dialect_literacy,dialect,1,1,coastal-village,SR,female,irish,1,39,f,4,4,2019-05-22T12:38:44Z,2019-05-22T14:36:01Z
552,variety_match,standard,0,0,NA,SR,male,english,5,18,f,3,5,2019-05-22T17:05:16Z,2019-05-22T19:09:42Z
552,variety_match,standard,0,0,NA,SR,male,spanish,2,18,f,3,5,2019-05-22T17:05:16Z,2019-05-22T19:09:42Z
554,variety_mismatch,dialect,0,0,NA,RS,female,english,5,21,m,5,4,2019-05-28T16:37:11Z,2019-05-28T18:25:01Z
554,variety_mismatch,dialect,0,0,NA,RS,female,french (canadian),5,21,m,5,4,2019-05-28T16:37:11Z,2019-05-28T18:25:01Z
554,variety_mismatch,dialect,0,0,NA,RS,female,japanese,1,21,m,5,4,2019-05-28T16:37:11Z,2019-05-28T18:25:01Z
554,variety_mismatch,dialect,0,0,NA,RS,female,american sign language,3,21,m,5,4,2019-05-28T16:37:11Z,2019-05-28T18:25:01Z
555,variety_mismatch,dialect,0,0,NA,RS,female,english,5,36,f,4,5,2019-05-28T16:57:40Z,2019-05-28T18:06:25Z
555,variety_mismatch,dialect,0,0,NA,RS,female,french,1,36,f,4,5,2019-05-28T16:57:40Z,2019-05-28T18:06:25Z
556,dialect_literacy,dialect,1,1,mountain-village,SR,male,english,5,54,m,5,5,2019-05-29T11:28:21Z,2019-05-29T14:04:18Z
556,dialect_literacy,dialect,1,1,mountain-village,SR,male,french,3,54,m,5,5,2019-05-29T11:28:21Z,2019-05-29T14:04:18Z
556,dialect_literacy,dialect,1,1,mountain-village,SR,male,mandarin,1,54,m,5,5,2019-05-29T11:28:21Z,2019-05-29T14:04:18Z
557,variety_match,standard,0,0,NA,RS,male,english,5,21,m,2,5,2019-05-29T17:15:28Z,2019-05-29T19:05:56Z
557,variety_match,standard,0,0,NA,RS,male,spanish,2,21,m,2,5,2019-05-29T17:15:28Z,2019-05-29T19:05:56Z
561,variety_mismatch_social,dialect,1,0,mountain-village,SR,male,english,5,56,f,5,5,2019-05-30T17:10:04Z,2019-05-30T18:40:18Z
565,variety_mismatch_social,dialect,1,0,coastal-village,RS,female,english,5,21,m,4,5,2019-06-16T15:34:18Z,2019-06-16T16:59:44Z
