"","participant_number","task_trial_id","target","primary_coder_transcription","primary_coder_correct","primary_coder_nLED","secondary_coder_transcription","secondary_coder_correct","secondary_coder_nLED"
"1",3,96,"dOsmu","?",0,1,"?",0,1
"2",3,98,"flidu","?",0,1,"?",0,1
"3",3,99,"dEsna","?",0,1,"?",0,1
"4",3,100,"nifs","?",0,1,"?",0,1
"5",3,106,"blixus","?",0,1,"?",0,1
"6",3,112,"mif","?",0,1,"?",0,1
"7",3,113,"bismi","?",0,1,"?",0,1
"8",3,114,"fub","?",0,1,"?",0,1
"9",3,118,"fOns","?",0,1,"?",0,1
"10",3,119,"mOls","?",0,1,"?",0,1
"11",7,92,"dasmu","?",0,1,"?",0,1
"12",7,98,"nEsk","?",0,1,"?",0,1
"13",7,101,"smiba","?",0,1,"?",0,1
"14",7,104,"bEsmi","?",0,1,"?",0,1
"15",7,107,"fub","?",0,1,"?",0,1
"16",7,108,"skEfi","?",0,1,"?",0,1
"17",7,109,"snid","?",0,1,"?",0,1
"18",7,110,"slinab","?",0,1,"?",0,1
"19",7,111,"balf","?",0,1,"?",0,1
"20",7,112,"nEf","?",0,1,"?",0,1
"21",7,114,"mif","?",0,1,"?",0,1
"22",7,115,"kublE","?",0,1,"?",0,1
"23",7,117,"daf","?",0,1,"?",0,1
"24",11,101,"snOf","sma",0,0.75,"?",0,1
"25",29,91,"blaf","?",0,1,"?",0,1
"26",29,92,"nal","?",0,1,"?",0,1
"27",29,93,"smiba","?",0,1,"?",0,1
"28",29,94,"balf","?",0,1,"?",0,1
"29",29,96,"nifs","?",0,1,"?",0,1
"30",29,97,"nEsk","?",0,1,"?",0,1
"31",29,98,"flEsOd","?",0,1,"?",0,1
"32",29,99,"blEkus","?",0,1,"?",0,1
"33",29,102,"nEf","?",0,1,"?",0,1
"34",29,103,"slinab","?",0,1,"?",0,1
"35",29,104,"dEsna","?",0,1,"?",0,1
"36",29,105,"skEfi","?",0,1,"?",0,1
"37",29,106,"lOm","?",0,1,"?",0,1
"38",29,107,"nOflE","?",0,1,"?",0,1
"39",29,108,"fub","?",0,1,"?",0,1
"40",29,109,"snid","?",0,1,"?",0,1
"41",29,112,"fOns","?",0,1,"?",0,1
"42",29,113,"dasmu","?",0,1,"?",0,1
"43",29,115,"smadu","?",0,1,"?",0,1
"44",29,117,"snOf","?",0,1,"?",0,1
"45",29,182,"skOnEf","?",0,1,"?",0,1
"46",29,187,"skub","?",0,1,"?",0,1
"47",29,191,"klusim","?",0,1,"?",0,1
"48",29,192,"dOlk","?",0,1,"?",0,1
"49",29,200,"flEsOd","?",0,1,"?",0,1
"50",29,203,"suld","?",0,1,"?",0,1
"51",29,207,"klufE","?",0,1,"?",0,1
"52",29,208,"luskO","?",0,1,"?",0,1
"53",29,209,"flabun","?",0,1,"?",0,1
"54",29,217,"dikla","?",0,1,"?",0,1
"55",29,219,"klEb","?",0,1,"?",0,1
"56",29,220,"klOda","?",0,1,"?",0,1
"57",29,221,"nEsk","?",0,1,"?",0,1
"58",31,104,"nEsk","?",0,1,"?",0,1
"59",39,92,"blim","?",0,1,"?",0,1
"60",39,93,"snid","?",0,1,"?",0,1
"61",39,94,"slOku","?",0,1,"?",0,1
"62",39,95,"flOb","?",0,1,"?",0,1
"63",39,98,"daf","?",0,1,"?",0,1
"64",39,99,"blEkus","?",0,1,"?",0,1
"65",39,100,"slinab","?",0,1,"?",0,1
"66",39,101,"smiba","?",0,1,"?",0,1
"67",39,103,"bEsmi","?",0,1,"?",0,1
"68",39,105,"smadu","?",0,1,"?",0,1
"69",39,106,"snOf","?",0,1,"?",0,1
"70",39,107,"nifs","?",0,1,"?",0,1
"71",39,108,"lOm","?",0,1,"?",0,1
"72",39,109,"balf","?",0,1,"?",0,1
"73",39,110,"blaf","?",0,1,"?",0,1
"74",39,111,"flidu","?",0,1,"?",0,1
"75",39,112,"flEsOd","?",0,1,"?",0,1
"76",39,113,"dEsna","?",0,1,"?",0,1
"77",39,114,"fub","?",0,1,"?",0,1
"78",39,117,"mOls","?",0,1,"?",0,1
"79",39,118,"nOflE","?",0,1,"?",0,1
"80",39,119,"nEsk","?",0,1,"?",0,1
"81",48,111,"snOf","?",0,1,"?",0,1
"82",48,112,"skEfi","?",0,1,"?",0,1
"83",48,114,"snibOl","?",0,1,"?",0,1
"84",48,118,"kublE","?",0,1,"?",0,1
"85",48,119,"balf","?",0,1,"?",0,1
"86",52,117,"blEkus","?",0,1,"?",0,1
"87",54,191,"klOda","?",0,1,"?",0,1
"88",54,198,"klusim","?",0,1,"?",0,1
"89",54,199,"dasmu","?",0,1,"?",0,1
"90",56,91,"flEsOd","?",0,1,"?",0,1
"91",56,92,"snOf","?",0,1,"?",0,1
"92",56,93,"dasmu","?",0,1,"?",0,1
"93",56,94,"nEf","?",0,1,"?",0,1
"94",56,95,"slinab","?",0,1,"?",0,1
"95",56,96,"balf","?",0,1,"?",0,1
"96",56,97,"nEsk","?",0,1,"?",0,1
"97",56,98,"snibOl","?",0,1,"?",0,1
"98",56,99,"flOb","?",0,1,"?",0,1
"99",56,100,"smiba","?",0,1,"?",0,1
"100",56,101,"lOm","?",0,1,"?",0,1
"101",56,102,"nal","?",0,1,"?",0,1
"102",56,104,"blaf","?",0,1,"?",0,1
"103",56,105,"slOku","?",0,1,"?",0,1
"104",56,106,"mif","?",0,1,"?",0,1
"105",56,107,"smadu","?",0,1,"?",0,1
"106",56,108,"kublE","?",0,1,"?",0,1
"107",56,109,"flidu","?",0,1,"?",0,1
"108",56,110,"nOflE","?",0,1,"?",0,1
"109",56,111,"nifs","?",0,1,"?",0,1
"110",56,112,"blim","?",0,1,"?",0,1
"111",56,113,"mOls","?",0,1,"?",0,1
"112",56,114,"bEsmi","?",0,1,"?",0,1
"113",56,115,"skEfi","?",0,1,"?",0,1
"114",56,116,"dEsna","?",0,1,"?",0,1
"115",56,117,"snid","?",0,1,"?",0,1
"116",56,118,"fOns","?",0,1,"?",0,1
"117",56,119,"blEkus","?",0,1,"?",0,1
"118",56,120,"daf","?",0,1,"?",0,1
"119",57,99,"snOf","?",0,1,"?",0,1
"120",57,102,"kublE","?",0,1,"?",0,1
"121",57,106,"nOflE","?",0,1,"?",0,1
"122",57,112,"bEsmi","?",0,1,"?",0,1
"123",60,93,"flidu","?",0,1,"?",0,1
"124",60,94,"snOf","?",0,1,"?",0,1
"125",60,96,"slinab","?",0,1,"?",0,1
"126",60,99,"fub","?",0,1,"?",0,1
"127",60,100,"blEkus","?",0,1,"?",0,1
"128",60,105,"dasmu","?",0,1,"?",0,1
"129",60,106,"dEsna","?",0,1,"?",0,1
"130",60,109,"snid","?",0,1,"?",0,1
"131",60,113,"skEfi","?",0,1,"?",0,1
"132",60,114,"nEf","?",0,1,"?",0,1
"133",60,116,"nOflE","?",0,1,"?",0,1
"134",60,193,"luskO","?",0,1,"?",0,1
"135",77,91,"smiba","?",0,1,"?",0,1
"136",77,92,"daf","?",0,1,"?",0,1
"137",77,98,"nOflE","?",0,1,"?",0,1
"138",77,100,"slOku","?",0,1,"?",0,1
"139",77,105,"blaf","?",0,1,"?",0,1
"140",77,107,"snid","?",0,1,"?",0,1
"141",77,110,"bEsmi","?",0,1,"bblblb",0,0.833333
"142",77,111,"skEfi","?",0,1,"?",0,1
"143",77,118,"smadu","?",0,1,"?",0,1
"144",77,119,"fOns","?",0,1,"?",0,1
"145",77,120,"blEkus","?",0,1,"?",0,1
"146",77,188,"nEf","?",0,1,"?",0,1
"147",77,207,"blEkus","?",0,1,"?",0,1
"148",84,93,"dOf","?",0,1,"?",0,1
"149",84,94,"slinab","?",0,1,"?",0,1
"150",84,95,"snOf","?",0,1,"?",0,1
"151",84,96,"lOm","?",0,1,"?",0,1
"152",84,99,"flidu","?",0,1,"?",0,1
"153",84,106,"blim","?",0,1,"?",0,1
"154",84,109,"dEsna","?",0,1,"?",0,1
"155",84,110,"nif","?",0,1,"?",0,1
"156",84,111,"slOxu","?",0,1,"?",0,1
"157",84,112,"sni","?",0,1,"?",0,1
"158",84,116,"blOf","?",0,1,"?",0,1
"159",84,117,"nOflE","?",0,1,"?",0,1
"160",84,118,"nOl","?",0,1,"?",0,1
"161",84,119,"xublE","?",0,1,"?",0,1
"162",90,94,"flidu","?",0,1,"?",0,1
"163",90,95,"nOflE","?",0,1,"?",0,1
"164",90,97,"mif","?",0,1,"?",0,1
"165",90,98,"dOf","?",0,1,"?",0,1
"166",90,101,"blixus","?",0,1,"?",0,1
"167",90,102,"nOl","?",0,1,"?",0,1
"168",90,106,"sni","?",0,1,"?",0,1
"169",90,107,"smOdu","?",0,1,"?",0,1
"170",90,114,"nif","?",0,1,"?",0,1
"171",90,116,"blOf","?",0,1,"?",0,1
"172",91,97,"blOf","nu",0,1,"?",0,1
"173",91,100,"flisO","nE",0,1,"?",0,1
"174",91,119,"nif","?",0,1,"blEmbE",0,1
"175",97,92,"nOflE","?",0,1,"?",0,1
"176",97,95,"fub","?",0,1,"?",0,1
"177",97,96,"smOdu","?",0,1,"?",0,1
"178",97,97,"nisx","?",0,1,"?",0,1
"179",97,99,"dOsmu","?",0,1,"?",0,1
"180",97,100,"slOxu","?",0,1,"?",0,1
"181",97,101,"bOlf","?",0,1,"?",0,1
"182",97,103,"mif","?",0,1,"?",0,1
"183",97,104,"sxifi","?",0,1,"?",0,1
"184",97,105,"mOls","?",0,1,"?",0,1
"185",97,106,"dEsna","?",0,1,"?",0,1
"186",97,108,"lOm","?",0,1,"?",0,1
"187",97,109,"blim","?",0,1,"?",0,1
"188",97,112,"snOf","?",0,1,"?",0,1
"189",97,113,"xublE","?",0,1,"?",0,1
"190",97,114,"bismi","?",0,1,"?",0,1
"191",97,117,"fOns","?",0,1,"?",0,1
"192",97,118,"dOf","?",0,1,"?",0,1
"193",97,119,"snibOl","?",0,1,"?",0,1
"194",97,120,"slinab","?",0,1,"?",0,1
"195",97,183,"dikla","?",0,1,"?",0,1
"196",97,185,"slinab","?",0,1,"?",0,1
"197",97,188,"nEsk","?",0,1,"?",0,1
"198",97,189,"klusim","?",0,1,"?",0,1
"199",97,192,"flidu","?",0,1,"?",0,1
"200",97,195,"klEb","?",0,1,"?",0,1
"201",97,196,"balf","?",0,1,"?",0,1
"202",97,199,"flabun","?",0,1,"?",0,1
"203",97,201,"smiba","?",0,1,"?",0,1
"204",97,203,"klufE","?",0,1,"?",0,1
"205",97,204,"kublE","?",0,1,"?",0,1
"206",97,205,"blim","?",0,1,"?",0,1
"207",97,207,"dOlk","?",0,1,"?",0,1
"208",97,208,"skub","?",0,1,"?",0,1
"209",97,209,"luskO","?",0,1,"?",0,1
"210",97,212,"klOda","?",0,1,"?",0,1
"211",97,213,"nOflE","?",0,1,"?",0,1
"212",97,215,"fub","?",0,1,"?",0,1
"213",97,216,"suld","?",0,1,"?",0,1
"214",97,218,"skOnEf","?",0,1,"?",0,1
"215",97,219,"mab","?",0,1,"?",0,1
"216",98,96,"slOxu","?",0,1,"?",0,1
"217",98,97,"nisx","?",0,1,"?",0,1
"218",98,99,"sxifi","?",0,1,"?",0,1
"219",98,100,"nOflE","?",0,1,"?",0,1
"220",98,104,"dOsmu","?",0,1,"?",0,1
"221",98,108,"smOdu","?",0,1,"?",0,1
"222",98,111,"nif","?",0,1,"?",0,1
"223",98,113,"mOls","?",0,1,"?",0,1
"224",98,114,"smiba","?",0,1,"?",0,1
"225",98,116,"sni","?",0,1,"?",0,1
"226",98,118,"fub","?",0,1,"?",0,1
"227",98,119,"snibOl","?",0,1,"?",0,1
"228",101,91,"xublE","?",0,1,"?",0,1
"229",101,93,"nOl","?",0,1,"?",0,1
"230",101,95,"bismi","?",0,1,"?",0,1
"231",101,96,"slinab","?",0,1,"?",0,1
"232",101,97,"flidu","?",0,1,"?",0,1
"233",101,98,"bOlf","?",0,1,"?",0,1
"234",101,99,"blOf","?",0,1,"?",0,1
"235",101,100,"nif","?",0,1,"?",0,1
"236",101,101,"smiba","?",0,1,"?",0,1
"237",101,102,"snibOl","?",0,1,"?",0,1
"238",101,103,"fub","?",0,1,"?",0,1
"239",101,107,"blixus","?",0,1,"?",0,1
"240",101,110,"smOdu","?",0,1,"?",0,1
"241",101,114,"slOxu","?",0,1,"?",0,1
"242",101,115,"dOf","?",0,1,"?",0,1
"243",101,116,"flOb","?",0,1,"?",0,1
"244",101,117,"sni","?",0,1,"?",0,1
"245",101,118,"nisx","?",0,1,"?",0,1
"246",101,119,"sxifi","?",0,1,"?",0,1
"247",101,120,"dEsna","?",0,1,"?",0,1
"248",109,104,"dEsna","?",0,1,"?",0,1
"249",109,111,"mOls","?",0,1,"?",0,1
"250",109,115,"fOns","?",0,1,"?",0,1
"251",109,191,"klEb","?",0,1,"?",0,1
"252",109,208,"skOnEf","?",0,1,"?",0,1
"253",110,101,"mif","?",0,1,"?",0,1
"254",110,190,"dikla","?",0,1,"?",0,1
"255",110,195,"snOf","windOw",0,0.666667,"?",0,1
"256",110,205,"fOns","ilnObs",0,0.666667,"?",0,1
"257",110,212,"nifs","?",0,1,"n",0,0.75
"258",110,213,"balf","watch",0,0.8,"?",0,1
"259",123,110,"slinab","?",0,1,"?",0,1
"260",123,116,"nOflE","?",0,1,"?",0,1
"261",123,117,"smiba","?",0,1,"?",0,1
"262",126,103,"skEfi","?",0,1,"?",0,1
"263",128,98,"mif","fla",0,1,"?",0,1
"264",129,95,"smiba","?",0,1,"?",0,1
"265",129,100,"blaf","?",0,1,"?",0,1
"266",129,105,"snibOl","buk",0,0.833333,"*",NA,NA
"267",129,107,"nOflE","?",0,1,"?",0,1
"268",129,108,"dEsna","hand",0,0.8,"*",NA,NA
"269",129,109,"nal","bEd",0,1,"*",NA,NA
"270",129,110,"flidu","?",0,1,"?",0,1
"271",129,111,"mOls","fridgE",0,1,"*",NA,NA
"272",129,112,"snOf","fOrk",0,1,"*",NA,NA
"273",129,113,"dasmu","chair",0,1,"*",NA,NA
"274",129,114,"slOku","?",0,1,"?",0,1
"275",129,115,"nEsk","trEE",0,1,"*",NA,NA
"276",129,116,"fub","?",0,1,"?",0,1
"277",129,118,"bEsmi","lOrry",0,1,"*",NA,NA
"278",129,119,"snid","tOmatO",0,1,"*",NA,NA
"279",129,120,"slinab","?",0,1,"?",0,1
"280",129,184,"smadu","?",0,1,"?",0,1
"281",129,188,"nOflE","?",0,1,"?",0,1
"282",129,189,"klusim","?",0,1,"?",0,1
"283",129,192,"klOda","fingEr",0,1,"*",NA,NA
"284",129,196,"luskO","?",0,1,"?",0,1
"285",129,202,"blEkus","?",0,1,"?",0,1
"286",129,205,"slOku","?",0,1,"?",0,1
"287",129,207,"suld","?",0,1,"?",0,1
"288",129,211,"skub","fals",0,1,"*",NA,NA
"289",129,218,"bEsmi","?",0,1,"?",0,1
"290",131,118,"flOb","?",0,1,"?",0,1
"291",133,94,"mif","?",0,1,"?",0,1
"292",133,96,"flEsOd","?",0,1,"?",0,1
"293",133,97,"nifs","?",0,1,"?",0,1
"294",133,101,"blim","?",0,1,"?",0,1
"295",133,105,"skEfi","?",0,1,"?",0,1
"296",133,107,"flOb","?",0,1,"?",0,1
"297",133,110,"slinab","?",0,1,"?",0,1
"298",133,111,"fOns","?",0,1,"?",0,1
"299",133,115,"blaf","?",0,1,"?",0,1
"300",133,116,"snOf","?",0,1,"?",0,1
"301",133,119,"lOm","?",0,1,"?",0,1
"302",133,120,"smiba","?",0,1,"?",0,1
"303",136,94,"mif","?",0,1,"?",0,1
"304",136,96,"balf","?",0,1,"?",0,1
"305",136,97,"mOls","?",0,1,"?",0,1
"306",136,100,"smadu","?",0,1,"?",0,1
"307",136,101,"nEf","?",0,1,"?",0,1
"308",136,102,"nifs","?",0,1,"?",0,1
"309",136,103,"bEsmi","?",0,1,"?",0,1
"310",136,104,"fub","?",0,1,"?",0,1
"311",136,105,"lOm","?",0,1,"?",0,1
"312",136,107,"skEfi","?",0,1,"?",0,1
"313",136,109,"blEkus","?",0,1,"?",0,1
"314",136,110,"kublE","?",0,1,"?",0,1
"315",136,111,"flEsOd","?",0,1,"?",0,1
"316",136,113,"flidu","?",0,1,"?",0,1
"317",136,114,"snibOl","?",0,1,"?",0,1
"318",136,115,"nEsk","?",0,1,"?",0,1
"319",136,116,"snid","?",0,1,"?",0,1
"320",136,118,"nal","?",0,1,"?",0,1
"321",136,119,"dEsna","?",0,1,"?",0,1
"322",136,217,"slinab","?",0,1,"skl",0,0.833333
"323",141,93,"dOsmu","duf",0,0.8,"?",0,1
"324",141,98,"lOm","mi",0,1,"?",0,1
"325",141,115,"flisO","?",0,1,"?",0,1
"326",147,91,"nOflE","?",0,1,"?",0,1
"327",147,93,"dOf","?",0,1,"?",0,1
"328",147,96,"fub","?",0,1,"?",0,1
"329",147,97,"nOl","?",0,1,"?",0,1
"330",147,98,"nisx","?",0,1,"?",0,1
"331",147,99,"slOxu","?",0,1,"?",0,1
"332",147,100,"slinab","?",0,1,"?",0,1
"333",147,103,"dOsmu","?",0,1,"?",0,1
"334",147,105,"flOb","?",0,1,"?",0,1
"335",147,106,"bismi","?",0,1,"?",0,1
"336",147,107,"lOm","?",0,1,"?",0,1
"337",147,108,"snOf","?",0,1,"?",0,1
"338",147,110,"fOns","?",0,1,"?",0,1
"339",147,111,"smOdu","?",0,1,"?",0,1
"340",147,113,"blim","?",0,1,"?",0,1
"341",147,114,"flidu","?",0,1,"?",0,1
"342",147,115,"flisO","?",0,1,"?",0,1
"343",147,116,"mOls","?",0,1,"?",0,1
"344",147,120,"sxifi","?",0,1,"?",0,1
"345",149,97,"blim","?",0,1,"?",0,1
"346",149,109,"snOf","fasirE",0,0.833333,"?",0,1
"347",151,105,"fOns","bla",0,1,"?",0,1
"348",151,109,"dOf","ba",0,1,"?",0,1
"349",152,91,"flOb","?",0,1,"?",0,1
"350",152,92,"xublE","?",0,1,"?",0,1
"351",152,94,"dEsna","?",0,1,"?",0,1
"352",152,95,"slOxu","?",0,1,"?",0,1
"353",152,100,"dOf","?",0,1,"?",0,1
"354",152,101,"nisx","?",0,1,"?",0,1
"355",152,103,"dOsmu","?",0,1,"?",0,1
"356",152,105,"nif","?",0,1,"?",0,1
"357",152,106,"blim","?",0,1,"?",0,1
"358",152,107,"bismi","?",0,1,"?",0,1
"359",152,110,"blixus","*",NA,NA,"*",NA,NA
"360",152,113,"sxifi","?",0,1,"?",0,1
"361",152,114,"blOf","?",0,1,"?",0,1
"362",152,117,"slinab","?",0,1,"?",0,1
"363",152,118,"smOdu","?",0,1,"?",0,1
"364",152,119,"flisO","?",0,1,"?",0,1
"365",152,181,"klEb","?",0,1,"?",0,1
"366",152,185,"skEfi","?",0,1,"?",0,1
"367",152,186,"skub","?",0,1,"?",0,1
"368",152,188,"slOku","?",0,1,"?",0,1
"369",152,192,"nOflE","?",0,1,"?",0,1
"370",152,194,"bEsmi","?",0,1,"?",0,1
"371",152,195,"suld","?",0,1,"?",0,1
"372",152,196,"blaf","?",0,1,"?",0,1
"373",152,198,"skOnEf","?",0,1,"?",0,1
"374",152,199,"dasmu","?",0,1,"?",0,1
"375",152,202,"klOda","?",0,1,"?",0,1
"376",152,205,"smadu","?",0,1,"?",0,1
"377",152,208,"nEsk","?",0,1,"?",0,1
"378",152,209,"klusim","?",0,1,"?",0,1
"379",152,210,"snid","?",0,1,"?",0,1
"380",152,212,"mab","*",NA,NA,"*",NA,NA
"381",152,214,"dikla","?",0,1,"?",0,1
"382",152,215,"klufE","?",0,1,"?",0,1
"383",152,216,"dOlk","?",0,1,"?",0,1
"384",152,218,"daf","?",0,1,"?",0,1
"385",152,219,"luskO","*",NA,NA,"*",NA,NA
"386",152,220,"flabun","*",NA,NA,"*",NA,NA
"387",152,221,"nal","*",NA,NA,"*",NA,NA
"388",153,112,"blim","basdinga",0,0.75,"?",0,1
"389",154,101,"nif","dOdsnO",0,1,"?",0,1
"390",154,116,"smOdu","?",0,1,"?",0,1
"391",154,117,"snibOl","?",0,1,"?",0,1
"392",155,91,"sxifi","?",0,1,"?",0,1
"393",155,97,"blixus","?",0,1,"?",0,1
"394",155,101,"snOf","?",0,1,"?",0,1
"395",155,102,"dOsmu","?",0,1,"?",0,1
"396",155,106,"flidu","?",0,1,"?",0,1
"397",155,108,"sni","?",0,1,"?",0,1
"398",155,110,"slinab","?",0,1,"?",0,1
"399",155,113,"mif","?",0,1,"?",0,1
"400",155,117,"nOflE","?",0,1,"?",0,1
"401",155,118,"flOb","?",0,1,"?",0,1
"402",155,120,"flisO","?",0,1,"?",0,1
"403",156,91,"smiba","?",0,1,"?",0,1
"404",156,93,"flOb","?",0,1,"?",0,1
"405",156,94,"nifs","?",0,1,"?",0,1
"406",156,95,"dEsna","?",0,1,"?",0,1
"407",156,96,"sxifi","?",0,1,"?",0,1
"408",156,97,"blOf","?",0,1,"?",0,1
"409",156,98,"snibOl","?",0,1,"?",0,1
"410",156,99,"snOf","?",0,1,"?",0,1
"411",156,100,"flisO","?",0,1,"?",0,1
"412",156,102,"smOdu","?",0,1,"?",0,1
"413",156,103,"slinab","?",0,1,"?",0,1
"414",156,104,"nisx","?",0,1,"?",0,1
"415",156,105,"bismi","?",0,1,"?",0,1
"416",156,106,"flidu","?",0,1,"?",0,1
"417",156,107,"bOlf","?",0,1,"?",0,1
"418",156,108,"blixus","?",0,1,"?",0,1
"419",156,109,"mif","?",0,1,"?",0,1
"420",156,110,"blim","?",0,1,"?",0,1
"421",156,112,"fOns","?",0,1,"?",0,1
"422",156,113,"dOsmu","?",0,1,"?",0,1
"423",156,114,"sni","?",0,1,"?",0,1
"424",156,115,"xublE","?",0,1,"?",0,1
"425",156,116,"mOls","?",0,1,"?",0,1
"426",156,117,"lOm","?",0,1,"?",0,1
"427",156,118,"nOflE","?",0,1,"?",0,1
"428",156,119,"slOxu","?",0,1,"?",0,1
"429",156,120,"nOl","?",0,1,"?",0,1
"430",160,217,"dasmu","?",0,1,"*",NA,NA
"431",162,93,"dEsna","windOw",0,1,"?",0,1
"432",162,101,"snOf","bir",0,1,"?",0,1
"433",162,103,"fub","tri",0,1,"?",0,1
"434",162,116,"bOlf","sambrisdE",0,0.888889,"?",0,1
"435",162,118,"lOm","hand",0,1,"?",0,1
"436",162,119,"smiba","bOls",0,1,"?",0,1
"437",162,207,"klufE","?",0,1,"trak",0,1
"438",164,91,"bOlf","blals",0,0.6,"?",0,1
"439",165,117,"flOb","?",0,1,"?",0,1
"440",168,116,"blEkus","?",0,1,"?",0,1
"441",168,196,"dasmu","?",0,1,"sOsOm",0,0.8
"442",168,205,"slinab","?",0,1,"?",0,1
"443",175,99,"flEsOd","?",0,1,"?",0,1
"444",175,109,"balf","i",0,1,"?",0,1
"445",175,114,"kublE","?",0,1,"?",0,1
"446",175,187,"klEb","?",0,1,"?",0,1
"447",175,189,"snOf","?",0,1,"?",0,1
"448",175,190,"flEsOd","?",0,1,"?",0,1
"449",175,198,"klOda","?",0,1,"?",0,1
"450",175,207,"nifs","?",0,1,"?",0,1
"451",175,211,"nEsk","?",0,1,"?",0,1
"452",175,214,"kublE","Ol",0,0.8,"?",0,1
"453",192,96,"fub","?",0,1,"?",0,1
"454",192,101,"nEsk","?",0,1,"?",0,1
"455",192,107,"snid","?",0,1,"?",0,1
"456",192,111,"slinab","?",0,1,"?",0,1
"457",192,117,"smadu","?",0,1,"?",0,1
"458",192,199,"klusim","EnElEku",0,1,"?",0,1
"459",192,218,"flabun","bOlialua",0,0.625,"?",0,1
"460",193,97,"skEfi","flipEns",0,0.857143,"*",NA,NA
"461",193,103,"mOls","w",0,1,"*",NA,NA
"462",212,92,"blixus","?",0,1,"?",0,1
"463",212,93,"nOflE","?",0,1,"?",0,1
"464",212,94,"nif","?",0,1,"?",0,1
"465",212,96,"slOxu","?",0,1,"?",0,1
"466",212,98,"dEsna","?",0,1,"?",0,1
"467",212,99,"snibOl","?",0,1,"?",0,1
"468",212,100,"nifs","?",0,1,"?",0,1
"469",212,101,"smOdu","?",0,1,"?",0,1
"470",212,102,"dOf","?",0,1,"?",0,1
"471",212,103,"fOns","?",0,1,"?",0,1
"472",212,104,"sxifi","?",0,1,"?",0,1
"473",212,105,"xublE","?",0,1,"?",0,1
"474",212,106,"sni","?",0,1,"?",0,1
"475",212,107,"mOls","?",0,1,"?",0,1
"476",212,108,"dOsmu","?",0,1,"?",0,1
"477",212,113,"blOf","?",0,1,"?",0,1
"478",212,114,"mif","?",0,1,"?",0,1
"479",212,115,"flidu","?",0,1,"?",0,1
"480",212,116,"nisx","?",0,1,"?",0,1
"481",212,118,"blim","?",0,1,"?",0,1
"482",212,119,"flisO","?",0,1,"?",0,1
"483",212,120,"smiba","?",0,1,"?",0,1
"484",216,95,"dOsmu","?",0,1,"?",0,1
"485",216,110,"nOflE","?",0,1,"?",0,1
"486",217,96,"snOf","*",NA,NA,"*",NA,NA
"487",217,112,"fOns","*",NA,NA,"fO",0,0.5
"488",217,204,"dEsna","?",0,1,"*",NA,NA
"489",221,95,"slOxu","spOn",0,0.6,"?",0,1
"490",221,97,"smiba","hEnd",0,1,"?",0,1
"491",221,105,"sni","sOk",0,0.666667,"?",0,1
"492",221,106,"mOls","tv",0,1,"?",0,1
"493",221,110,"snibOl","bOk",0,0.666667,"?",0,1
"494",221,112,"blixus","fridgE",0,0.833333,"?",0,1
"495",221,118,"nisx","klas",0,1,"?",0,1
"496",221,119,"dEsna","pan",0,0.8,"?",0,1
"497",223,95,"flidu","chickEn",0,0.857143,"?",0,1
"498",223,105,"mif","?",0,1,"?",0,1
"499",223,110,"bOlf","tr?",0,1,"?",0,1
"500",223,191,"skOnEf","truck",0,1,"?",0,1
"501",223,193,"fOns","nu",0,0.75,"?",0,1
"502",223,196,"slinab","n",0,0.833333,"?",0,1
"503",223,200,"klufE","pE",0,0.8,"?",0,1
"504",223,203,"klusim","?ir",0,0.833333,"?",0,1
"505",223,205,"skub","?",0,1,"?",0,1
"506",223,211,"flabun","hand",0,0.833333,"?",0,1
"507",223,217,"luskO","fu",0,0.8,"?",0,1
"508",223,220,"klEb","fridgE",0,1,"?",0,1
"509",225,99,"blOf","?",0,1,"?",0,1
"510",225,101,"nOflE","?",0,1,"?",0,1
"511",225,103,"blim","?",0,1,"?",0,1
"512",225,107,"blixus","?",0,1,"?",0,1
"513",225,110,"fOns","?",0,1,"?",0,1
"514",225,118,"dEsna","?",0,1,"?",0,1
"515",225,119,"flOb","?",0,1,"?",0,1
"516",225,184,"flabun","?",0,1,"?",0,1
"517",225,185,"klusim","?",0,1,"?",0,1
"518",225,193,"dikla","?",0,1,"?",0,1
"519",225,213,"klOda","?",0,1,"?",0,1
"520",230,101,"flidu","?",0,1,"ifantua",0,0.714286
"521",230,104,"dOsmu","fabinana",0,1,"?",0,1
"522",230,105,"nOflE","?",0,1,"?",0,1
"523",230,107,"smOdu","dal",0,1,"?",0,1
"524",230,109,"blim","n",0,1,"?",0,1
"525",230,110,"slOxu","kuflEma",0,0.857143,"?",0,1
"526",230,111,"blOf","nOf",0,0.5,"?",0,1
"527",230,113,"smiba","basasmak",0,0.75,"?",0,1
"528",230,114,"xublE","?",0,1,"?",0,1
"529",230,115,"flisO","klasilana",0,0.777778,"?",0,1
"530",230,119,"nisx","fOkasuO",0,0.857143,"?",0,1
"531",230,187,"smadu","skEdadu",0,0.428571,"?",0,1
"532",230,191,"flEsOd","slimamdu",0,0.75,"?",0,1
"533",230,195,"slinab","mOsfisfa",0,0.75,"?",0,1
"534",230,203,"klusim","anOfli",0,1,"?",0,1
"535",230,204,"klufE","skafi",0,0.8,"?",0,1
"536",230,205,"kublE","skEfi",0,1,"?",0,1
"537",230,208,"skEfi","slEfi",0,0.2,"?",0,1
"538",230,209,"fub","*",NA,NA,"fub",1,0
"539",231,187,"skOnEf","?",0,1,"?",0,1
"540",231,203,"skEfi","?",0,1,"brugdO",0,1
"541",231,217,"smadu","?",0,1,"?",0,1
"542",246,91,"blixus","?",0,1,"?",0,1
"543",246,92,"smOdu","?",0,1,"?",0,1
"544",246,94,"bOlf","?",0,1,"?",0,1
"545",246,95,"nOflE","?",0,1,"?",0,1
"546",246,100,"lOm","?",0,1,"?",0,1
"547",246,101,"fub","?",0,1,"?",0,1
"548",246,102,"nif","?",0,1,"?",0,1
"549",246,103,"mOls","?",0,1,"?",0,1
"550",246,106,"sni","?",0,1,"?",0,1
"551",246,108,"flidu","?",0,1,"?",0,1
"552",246,109,"flOb","?",0,1,"?",0,1
"553",246,115,"mif","?",0,1,"?",0,1
"554",246,116,"dOsmu","?",0,1,"?",0,1
"555",246,117,"nifs","bi",0,0.75,"?",0,1
"556",246,118,"sxifi","?",0,1,"?",0,1
"557",246,119,"dOf","?",0,1,"?",0,1
"558",246,181,"mab","?",0,1,"fla",0,1
"559",246,190,"dEsna","?",0,1,"?",0,1
"560",246,206,"flidu","?",0,1,"dana",0,1
"561",247,92,"xublE","?",0,1,"f",0,1
"562",247,106,"fOns","m",0,1,"?",0,1
"563",259,113,"flisO","tOmatO",0,0.833333,"?",0,1
"564",270,103,"nifs","lEpEncil",0,0.875,"?",0,1
"565",270,109,"flidu","pEn",0,1,"?",0,1
"566",270,112,"xublE","?",0,1,"?",0,1
"567",270,183,"klEb","?",0,1,"?",0,1
"568",271,96,"blOf","?",0,1,"?",0,1
"569",271,109,"nisx","?",0,1,"siagd",0,0.8
"570",271,197,"fOns","?",0,1,"?",0,1
"571",280,93,"snibOl","suspan",0,0.833333,"?",0,1
"572",280,109,"flisO","pEn",0,1,"?",0,1
"573",280,118,"blOf","windOw",0,0.833333,"?",0,1
"574",280,190,"blim","?",0,1,"?",0,1
"575",280,213,"skub","car",0,1,"?",0,1
"576",284,110,"nOflE","?",0,1,"?",0,1
"577",285,113,"fub","dax",0,1,"?",0,1
"578",286,117,"nisx","pas",0,0.75,"?",0,1
"579",287,92,"blOf","?",0,1,"?",0,1
"580",287,94,"bOlf","?",0,1,"?",0,1
"581",287,95,"fOns","?",0,1,"?",0,1
"582",287,96,"sxifi","?",0,1,"?",0,1
"583",287,98,"xublE","a",0,1,"?",0,1
"584",287,99,"slOxu","?",0,1,"?",0,1
"585",287,100,"bismi","?",0,1,"?",0,1
"586",287,101,"nisx","?",0,1,"?",0,1
"587",287,102,"smiba","?",0,1,"?",0,1
"588",287,104,"snibOl","?",0,1,"?",0,1
"589",287,105,"smOdu","?",0,1,"?",0,1
"590",287,106,"dOsmu","?",0,1,"?",0,1
"591",287,107,"snOf","?",0,1,"?",0,1
"592",287,108,"flidu","?",0,1,"?",0,1
"593",287,109,"dOf","?",0,1,"?",0,1
"594",287,112,"nifs","?",0,1,"?",0,1
"595",287,113,"lOm","?",0,1,"?",0,1
"596",287,114,"nOflE","?",0,1,"?",0,1
"597",287,115,"flOb","?",0,1,"?",0,1
"598",287,116,"blim","?",0,1,"?",0,1
"599",287,117,"dEsna","?",0,1,"?",0,1
"600",287,118,"nif","?",0,1,"?",0,1
"601",287,120,"slinab","?",0,1,"?",0,1
"602",287,186,"dikla","?",0,1,"?",0,1
"603",295,92,"nif","?",0,1,"?",0,1
"604",295,93,"fub","?",0,1,"?",0,1
"605",295,94,"slOxu","?",0,1,"?",0,1
"606",295,96,"flidu","?",0,1,"?",0,1
"607",295,97,"nOl","?",0,1,"?",0,1
"608",295,98,"mif","?",0,1,"?",0,1
"609",295,99,"nifs","?",0,1,"?",0,1
"610",295,100,"fOns","?",0,1,"?",0,1
"611",295,102,"smiba","?",0,1,"?",0,1
"612",295,103,"smOdu","?",0,1,"?",0,1
"613",295,104,"dOf","?",0,1,"?",0,1
"614",295,105,"blixus","?",0,1,"?",0,1
"615",295,106,"slinab","?",0,1,"?",0,1
"616",295,107,"xublE","?",0,1,"?",0,1
"617",295,109,"dOsmu","?",0,1,"?",0,1
"618",295,110,"blOf","?",0,1,"?",0,1
"619",295,111,"flOb","?",0,1,"?",0,1
"620",295,112,"nisx","?",0,1,"?",0,1
"621",295,113,"mOls","?",0,1,"?",0,1
"622",295,115,"snibOl","?",0,1,"?",0,1
"623",295,116,"sni","?",0,1,"?",0,1
"624",295,117,"nOflE","?",0,1,"?",0,1
"625",295,119,"blim","?",0,1,"?",0,1
"626",295,120,"dEsna","?",0,1,"?",0,1
"627",295,185,"suld","?",0,1,"?",0,1
"628",295,190,"klusim","?",0,1,"?",0,1
"629",295,193,"klufE","?",0,1,"?",0,1
"630",295,194,"skOnEf","?",0,1,"?",0,1
"631",295,202,"slinab","?",0,1,"?",0,1
"632",295,205,"bEsmi","?",0,1,"?",0,1
"633",295,208,"dikla","?",0,1,"?",0,1
"634",295,210,"smadu","?",0,1,"?",0,1
"635",295,213,"dasmu","?",0,1,"?",0,1
"636",295,217,"nOflE","?",0,1,"?",0,1
"637",296,111,"mif","?",0,1,"?",0,1
"638",299,120,"bOlf","fij",0,1,"?",0,1
"639",300,95,"mOls","?",0,1,"nOklO",0,0.6
"640",300,97,"bismi","?",0,1,"?",0,1
"641",300,98,"bOlf","?",0,1,"?",0,1
"642",300,100,"dEsna","?",0,1,"?",0,1
"643",300,101,"snOf","?",0,1,"?",0,1
"644",300,102,"blixus","?",0,1,"?",0,1
"645",300,103,"smOdu","?",0,1,"?",0,1
"646",300,104,"flidu","?",0,1,"?",0,1
"647",300,106,"slinab","?",0,1,"?",0,1
"648",300,108,"nOflE","?",0,1,"?",0,1
"649",300,109,"sxifi","?",0,1,"?",0,1
"650",300,111,"flisO","?",0,1,"?",0,1
"651",300,112,"lOm","?",0,1,"?",0,1
"652",300,113,"nisx","?",0,1,"?",0,1
"653",300,114,"smiba","?",0,1,"?",0,1
"654",300,117,"nifs","?",0,1,"?",0,1
"655",300,118,"fOns","?",0,1,"?",0,1
"656",300,119,"flOb","?",0,1,"?",0,1
"657",300,120,"snibOl","?",0,1,"?",0,1
"658",314,91,"nOl","?",0,1,"?",0,1
"659",314,92,"snOf","?",0,1,"?",0,1
"660",314,94,"blim","?",0,1,"?",0,1
"661",314,95,"lOm","?",0,1,"?",0,1
"662",314,96,"nisx","?",0,1,"?",0,1
"663",314,97,"sni","?",0,1,"?",0,1
"664",314,100,"blixus","?",0,1,"?",0,1
"665",314,102,"flisO","?",0,1,"?",0,1
"666",314,103,"blOf","?",0,1,"?",0,1
"667",314,104,"nif","?",0,1,"?",0,1
"668",314,105,"slOxu","?",0,1,"?",0,1
"669",314,106,"dOf","?",0,1,"?",0,1
"670",314,107,"nifs","?",0,1,"?",0,1
"671",314,108,"mif","?",0,1,"?",0,1
"672",314,110,"sxifi","?",0,1,"?",0,1
"673",314,112,"smOdu","?",0,1,"?",0,1
"674",314,113,"smiba","?",0,1,"?",0,1
"675",314,114,"dOsmu","?",0,1,"?",0,1
"676",314,115,"bismi","?",0,1,"?",0,1
"677",314,116,"dEsna","?",0,1,"?",0,1
"678",314,117,"bOlf","?",0,1,"?",0,1
"679",314,118,"xublE","?",0,1,"?",0,1
"680",314,119,"nOflE","?",0,1,"?",0,1
"681",314,120,"fub","?",0,1,"?",0,1
"682",315,91,"dEsna","?",0,1,"?",0,1
"683",315,92,"slOxu","?",0,1,"?",0,1
"684",315,93,"snibOl","?",0,1,"?",0,1
"685",315,94,"nOflE","?",0,1,"?",0,1
"686",315,95,"sxifi","?",0,1,"?",0,1
"687",315,97,"mif","?",0,1,"?",0,1
"688",315,98,"blim","?",0,1,"?",0,1
"689",315,99,"nisx","?",0,1,"?",0,1
"690",315,100,"flOb","?",0,1,"?",0,1
"691",315,101,"dOf","?",0,1,"?",0,1
"692",315,102,"lOm","?",0,1,"?",0,1
"693",315,103,"snOf","?",0,1,"?",0,1
"694",315,104,"bOlf","?",0,1,"?",0,1
"695",315,105,"flisO","?",0,1,"?",0,1
"696",315,106,"smOdu","?",0,1,"?",0,1
"697",315,107,"sni","?",0,1,"?",0,1
"698",315,108,"blOf","?",0,1,"?",0,1
"699",315,109,"nOl","?",0,1,"?",0,1
"700",315,111,"fOns","?",0,1,"?",0,1
"701",315,113,"smiba","?",0,1,"?",0,1
"702",315,114,"dOsmu","?",0,1,"?",0,1
"703",315,115,"blixus","?",0,1,"?",0,1
"704",315,116,"slinab","?",0,1,"?",0,1
"705",315,117,"nif","?",0,1,"?",0,1
"706",315,118,"bismi","?",0,1,"?",0,1
"707",315,119,"nifs","?",0,1,"?",0,1
"708",315,120,"xublE","?",0,1,"?",0,1
"709",322,102,"fub","tri",0,1,"?",0,1
"710",334,93,"blim","?",0,1,"?",0,1
"711",334,97,"snOf","?",0,1,"?",0,1
"712",334,99,"dOf","?",0,1,"?",0,1
"713",334,106,"dEsna","?",0,1,"?",0,1
"714",334,107,"smOdu","?",0,1,"?",0,1
"715",334,109,"flidu","?",0,1,"?",0,1
"716",334,111,"slOxu","?",0,1,"?",0,1
"717",334,112,"smiba","?",0,1,"?",0,1
"718",334,113,"fub","?",0,1,"?",0,1
"719",334,115,"nisx","?",0,1,"?",0,1
"720",335,91,"sni","?",0,1,"?",0,1
"721",335,92,"fOns","?",0,1,"?",0,1
"722",335,94,"dOf","?",0,1,"?",0,1
"723",335,100,"slOxu","?",0,1,"?",0,1
"724",335,101,"blixus","?",0,1,"?",0,1
"725",335,102,"nisx","?",0,1,"?",0,1
"726",335,103,"nOflE","?",0,1,"?",0,1
"727",335,108,"nifs","?",0,1,"?",0,1
"728",335,110,"dEsna","?",0,1,"?",0,1
"729",335,114,"flidu","?",0,1,"?",0,1
"730",335,115,"xublE","?",0,1,"?",0,1
"731",335,120,"slinab","?",0,1,"?",0,1
"732",335,201,"blEkus","?",0,1,"?",0,1
"733",335,209,"slOku","?",0,1,"?",0,1
"734",351,93,"dOsmu","pEncil",0,1,"?",0,1
"735",351,101,"xublE","hOusE",0,0.8,"?",0,1
"736",351,102,"sxifi","frEnEj",0,1,"?",0,1
"737",364,215,"skOnEf","?",0,1,"mEmO",0,1
"738",364,221,"dEsna","?",0,1,"?",0,1
"739",368,99,"blim","?",0,1,"?",0,1
"740",368,104,"nif","blEfsOd",0,0.857143,"?",0,1
"741",368,105,"lOm","?",0,1,"?",0,1
"742",368,118,"nifs","sluks",0,0.8,"?",0,1
"743",368,199,"kublE","?",0,1,"?",0,1
"744",369,101,"mOls","lEmblis",0,0.571429,"?",0,1
"745",370,98,"nifs","?",0,1,"?",0,1
"746",370,99,"dOf","?",0,1,"?",0,1
"747",374,95,"fOns","m",0,1,"?",0,1
"748",374,97,"smiba","?",0,1,"?",0,1
"749",374,100,"bOlf","?",0,1,"?",0,1
"750",374,103,"flisO","?",0,1,"?",0,1
"751",374,105,"bismi","?",0,1,"?",0,1
"752",374,107,"sni","?",0,1,"?",0,1
"753",374,111,"smOdu","?",0,1,"?",0,1
"754",374,114,"blixus","?",0,1,"?",0,1
"755",374,116,"xublE","?",0,1,"?",0,1
"756",374,117,"dOsmu","?",0,1,"?",0,1
"757",374,119,"blim","?",0,1,"?",0,1
"758",374,120,"flidu","?",0,1,"?",0,1
"759",376,116,"sni","trEmblE",0,1,"?",0,1
"760",376,202,"luskO","iksam",0,0.8,"?",0,1
"761",376,204,"skOnEf","flabmifbif",0,0.9,"?",0,1
"762",378,97,"slOxu","ul",0,0.8,"?",0,1
"763",380,111,"mif","*",NA,NA,"?",0,1
"764",381,96,"bismi","sp",0,0.8,"?",0,1
"765",381,99,"flisO","?",0,1,"?",0,1
"766",381,116,"fOns","fi",0,0.75,"?",0,1
"767",383,91,"fOns","?",0,1,"?",0,1
"768",383,92,"nOl","?",0,1,"?",0,1
"769",383,94,"nif","?",0,1,"?",0,1
"770",383,95,"dOf","?",0,1,"?",0,1
"771",383,96,"mOls","?",0,1,"?",0,1
"772",383,97,"flidu","?",0,1,"?",0,1
"773",383,99,"mif","?",0,1,"?",0,1
"774",383,101,"nifs","?",0,1,"?",0,1
"775",383,102,"dOsmu","?",0,1,"?",0,1
"776",383,104,"slinab","?",0,1,"?",0,1
"777",383,106,"nisx","?",0,1,"?",0,1
"778",383,107,"nOflE","?",0,1,"?",0,1
"779",383,108,"smiba","?",0,1,"?",0,1
"780",383,109,"flisO","?",0,1,"?",0,1
"781",383,110,"slOxu","?",0,1,"?",0,1
"782",383,111,"bOlf","?",0,1,"?",0,1
"783",383,112,"snibOl","?",0,1,"?",0,1
"784",383,113,"lOm","?",0,1,"?",0,1
"785",383,114,"blim","?",0,1,"?",0,1
"786",383,116,"snOf","?",0,1,"?",0,1
"787",383,117,"blixus","?",0,1,"?",0,1
"788",383,118,"sxifi","?",0,1,"?",0,1
"789",383,119,"xublE","?",0,1,"?",0,1
"790",383,120,"flOb","?",0,1,"?",0,1
"791",383,183,"klOda","?",0,1,"?",0,1
"792",383,184,"fOns","?",0,1,"?",0,1
"793",383,185,"flabun","?",0,1,"?",0,1
"794",383,186,"nOflE","?",0,1,"?",0,1
"795",383,190,"balf","?",0,1,"?",0,1
"796",383,191,"kublE","?",0,1,"?",0,1
"797",383,193,"dikla","?",0,1,"?",0,1
"798",383,194,"smadu","?",0,1,"?",0,1
"799",383,197,"skEfi","?",0,1,"?",0,1
"800",383,200,"snOf","?",0,1,"fOns",0,1
"801",383,201,"mab","?",0,1,"?",0,1
"802",383,202,"klufE","?",0,1,"?",0,1
"803",383,203,"dOlk","?",0,1,"?",0,1
"804",383,204,"nal","?",0,1,"?",0,1
"805",383,205,"skOnEf","?",0,1,"?",0,1
"806",383,206,"suld","?",0,1,"?",0,1
"807",383,207,"flEsOd","?",0,1,"?",0,1
"808",383,210,"klusim","?",0,1,"?",0,1
"809",383,212,"klEb","?",0,1,"?",0,1
"810",383,213,"luskO","?",0,1,"?",0,1
"811",383,215,"slOku","?",0,1,"?",0,1
"812",383,216,"nEsk","?",0,1,"?",0,1
"813",383,217,"skub","?",0,1,"?",0,1
"814",383,218,"dasmu","?",0,1,"?",0,1
"815",383,220,"flidu","?",0,1,"?",0,1
"816",383,221,"mOls","?",0,1,"?",0,1
"817",386,93,"smiba","?",0,1,"?",0,1
"818",386,97,"nOflE","?",0,1,"?",0,1
"819",386,100,"fub","?",0,1,"?",0,1
"820",386,101,"slOxu","?",0,1,"?",0,1
"821",386,105,"dEsna","?",0,1,"?",0,1
"822",386,107,"slinab","?",0,1,"?",0,1
"823",386,109,"snibOl","?",0,1,"?",0,1
"824",386,112,"fOns","?",0,1,"?",0,1
"825",386,113,"bOlf","?",0,1,"?",0,1
"826",386,114,"blim","?",0,1,"?",0,1
"827",386,115,"xublE","?",0,1,"?",0,1
"828",386,119,"flidu","?",0,1,"?",0,1
"829",386,120,"nif","?",0,1,"?",0,1
"830",390,112,"dEsna","?",0,1,"bEd",0,0.8
"831",392,111,"sni","?",0,1,"vlOg",0,1
"832",400,91,"fOns","?",0,1,"?",0,1
"833",400,94,"xublE","?",0,1,"?",0,1
"834",400,95,"dOsmu","?",0,1,"?",0,1
"835",400,99,"blixus","?",0,1,"?",0,1
"836",400,100,"blOf","?",0,1,"?",0,1
"837",400,101,"mOls","?",0,1,"?",0,1
"838",400,102,"snOf","?",0,1,"?",0,1
"839",400,104,"nifs","?",0,1,"?",0,1
"840",400,107,"smOdu","?",0,1,"?",0,1
"841",400,108,"nOflE","?",0,1,"?",0,1
"842",400,111,"dEsna","?",0,1,"?",0,1
"843",400,112,"slOxu","?",0,1,"?",0,1
"844",400,113,"snibOl","?",0,1,"?",0,1
"845",400,114,"nif","?",0,1,"?",0,1
"846",400,115,"blim","?",0,1,"?",0,1
"847",400,116,"slinab","?",0,1,"?",0,1
"848",400,117,"fub","?",0,1,"?",0,1
"849",400,119,"flOb","?",0,1,"?",0,1
"850",404,91,"slOxu","*",NA,NA,"?",0,1
"851",404,95,"dOsmu","?",0,1,"xan",0,1
"852",404,105,"nOflE","?",0,1,"fOg",0,0.8
"853",404,108,"flisO","jumpEr",0,1,"?",0,1
"854",404,109,"sxifi","pOta",0,1,"?",0,1
"855",404,115,"fOns","tOOthbrush",0,0.8,"?",0,1
"856",404,116,"sni","bikE",0,1,"?",0,1
"857",404,117,"blim","tOmatO",0,1,"?",0,1
"858",404,118,"smOdu","arm",0,1,"?",0,1
"859",404,119,"fub","car",0,1,"?",0,1
"860",404,120,"snOf","trOusErs",0,0.875,"?",0,1
"861",404,193,"snibOl","*",NA,NA,"?",0,1
"862",404,201,"blaf","*",NA,NA,"?",0,1
"863",404,204,"slinab","shirt",0,0.666667,"?",0,1
"864",404,205,"smadu","*",NA,NA,"?",0,1
"865",404,206,"flabun","rabbit",0,0.833333,"?",0,1
"866",404,207,"skub","watch",0,1,"?",0,1
"867",404,208,"lOm","tv",0,1,"?",0,1
"868",404,209,"dEsna","dOg",0,0.8,"?",0,1
"869",404,210,"fOns","tOOthbrush",0,0.8,"?",0,1
"870",404,211,"snid","?",0,1,"?",0,1
"871",404,212,"mif","dOOr",0,1,"?",0,1
"872",404,213,"kublE","EyE",0,0.8,"?",0,1
"873",404,215,"skOnEf","pEn",0,0.833333,"?",0,1
"874",404,216,"dasmu","pEncil",0,1,"?",0,1
"875",404,218,"nifs","hOusE",0,0.8,"?",0,1
"876",404,219,"klusim","chickEn",0,1,"?",0,1
"877",404,220,"dikla","lOrry",0,1,"?",0,1
"878",404,221,"daf","hand",0,0.75,"?",0,1
"879",404,222,"suld","spOOn",0,0.8,"?",0,1
"880",408,91,"blim","?",0,1,"?",0,1
"881",408,92,"blOf","?",0,1,"?",0,1
"882",408,93,"xublE","?",0,1,"?",0,1
"883",408,96,"fub","?",0,1,"?",0,1
"884",408,97,"smiba","?",0,1,"?",0,1
"885",408,98,"flOb","?",0,1,"?",0,1
"886",408,99,"snibOl","?",0,1,"?",0,1
"887",408,100,"mOls","?",0,1,"?",0,1
"888",408,101,"nifs","?",0,1,"?",0,1
"889",408,102,"smOdu","?",0,1,"?",0,1
"890",408,103,"nOflE","?",0,1,"?",0,1
"891",408,104,"slinab","?",0,1,"?",0,1
"892",408,105,"nisx","?",0,1,"?",0,1
"893",408,106,"flidu","?",0,1,"?",0,1
"894",408,107,"fOns","?",0,1,"?",0,1
"895",408,108,"nif","?",0,1,"?",0,1
"896",408,110,"dOsmu","?",0,1,"?",0,1
"897",408,112,"dEsna","?",0,1,"?",0,1
"898",408,113,"bismi","?",0,1,"?",0,1
"899",408,114,"nOl","?",0,1,"?",0,1
"900",408,115,"snOf","?",0,1,"?",0,1
"901",408,116,"blixus","?",0,1,"?",0,1
"902",408,117,"slOxu","?",0,1,"?",0,1
"903",408,118,"lOm","?",0,1,"?",0,1
"904",408,120,"sxifi","?",0,1,"?",0,1
"905",408,202,"smiba","?",0,1,"glE",0,1
"906",408,206,"dOlk","?",0,1,"lEslE",0,0.8
"907",412,105,"nOflE","s",0,1,"?",0,1
"908",412,117,"dOsmu","?",0,1,"?",0,1
"909",413,95,"snOf","snOf",1,0,"?",0,1
"910",413,101,"dOf","kun",0,1,"?",0,1
"911",413,107,"flOb","da",0,1,"?",0,1
"912",413,108,"bismi","*",NA,NA,"?",0,1
"913",413,109,"nOflE","*",NA,NA,"?",0,1
"914",413,110,"fub","*",NA,NA,"?",0,1
"915",413,114,"mOls","En",0,1,"?",0,1
"916",413,116,"fOns","*",NA,NA,"?",0,1
"917",413,117,"sni","nE",0,0.666667,"?",0,1
"918",413,118,"nif","*",NA,NA,"?",0,1
"919",413,119,"smOdu","*",NA,NA,"?",0,1
"920",413,191,"nEsk","fOku",0,1,"?",0,1
"921",413,201,"nifs","fu",0,0.75,"?",0,1
"922",413,207,"flEsOd","fu",0,0.833333,"?",0,1
"923",415,111,"xublE","?",0,1,"lindu",0,1
"924",416,103,"sni","?",0,1,"?",0,1
"925",416,112,"flidu","?",0,1,"?",0,1
"926",416,113,"smOdu","?",0,1,"?",0,1
"927",416,114,"xublE","?",0,1,"?",0,1
"928",416,116,"nifs","?",0,1,"?",0,1
"929",420,111,"smOdu","sm?",0,0.6,"?",0,1
"930",420,115,"flisO","*",NA,NA,"?",0,1
"931",422,91,"flOb","?",0,1,"?",0,1
"932",422,92,"dEsna","?",0,1,"?",0,1
"933",422,93,"blim","?",0,1,"?",0,1
"934",422,94,"sxifi","?",0,1,"?",0,1
"935",422,95,"fOns","?",0,1,"?",0,1
"936",422,96,"dOf","?",0,1,"?",0,1
"937",422,97,"nOflE","?",0,1,"?",0,1
"938",422,98,"bOlf","?",0,1,"?",0,1
"939",422,100,"bismi","?",0,1,"?",0,1
"940",422,101,"flidu","?",0,1,"?",0,1
"941",422,104,"mif","?",0,1,"?",0,1
"942",422,105,"slOxu","?",0,1,"?",0,1
"943",422,106,"nisx","?",0,1,"?",0,1
"944",422,108,"mOls","?",0,1,"?",0,1
"945",422,109,"nOl","?",0,1,"?",0,1
"946",422,110,"flisO","?",0,1,"?",0,1
"947",422,112,"slinab","?",0,1,"?",0,1
"948",422,114,"sni","?",0,1,"?",0,1
"949",422,117,"xublE","?",0,1,"?",0,1
"950",422,118,"smiba","?",0,1,"?",0,1
"951",422,119,"fub","?",0,1,"?",0,1
"952",430,105,"dOf","?",0,1,"?",0,1
"953",430,182,"snibOl","*",NA,NA,"?",0,1
"954",430,183,"flabun","?",0,1,"?",0,1
"955",430,184,"klufE","?",0,1,"?",0,1
"956",430,186,"skOnEf","?",0,1,"?",0,1
"957",430,189,"klusim","?",0,1,"?",0,1
"958",430,192,"suld","?",0,1,"?",0,1
"959",430,199,"klEb","?",0,1,"?",0,1
"960",430,203,"skub","?",0,1,"?",0,1
"961",430,204,"luskO","?",0,1,"?",0,1
"962",430,206,"dOlk","?",0,1,"?",0,1
"963",430,207,"mif","?",0,1,"?",0,1
"964",430,208,"daf","?",0,1,"?",0,1
"965",430,210,"klOda","?",0,1,"?",0,1
"966",430,213,"mab","?",0,1,"?",0,1
"967",430,215,"skEfi","?",0,1,"?",0,1
"968",430,217,"dikla","?",0,1,"?",0,1
"969",430,218,"nEf","?",0,1,"?",0,1
"970",432,101,"fOns","E",0,1,"?",0,1
"971",432,102,"snibOl","fO",0,0.833333,"?",0,1
"972",432,107,"nif","imbOb",0,1,"?",0,1
"973",432,115,"flidu","umba",0,1,"?",0,1
"974",434,91,"blim","?",0,1,"?",0,1
"975",434,92,"dEsna","?",0,1,"?",0,1
"976",434,94,"flOb","?",0,1,"?",0,1
"977",434,96,"sxifi","?",0,1,"?",0,1
"978",434,97,"xublE","?",0,1,"?",0,1
"979",434,98,"nOl","?",0,1,"?",0,1
"980",434,101,"flisO","?",0,1,"?",0,1
"981",434,103,"slOxu","?",0,1,"?",0,1
"982",434,105,"snOf","?",0,1,"?",0,1
"983",434,106,"blOf","?",0,1,"?",0,1
"984",434,107,"bismi","?",0,1,"?",0,1
"985",434,110,"dOf","?",0,1,"?",0,1
"986",434,111,"snibOl","?",0,1,"?",0,1
"987",434,112,"mOls","?",0,1,"?",0,1
"988",434,114,"nOflE","?",0,1,"?",0,1
"989",434,115,"blixus","?",0,1,"?",0,1
"990",434,118,"nif","?",0,1,"?",0,1
"991",434,119,"flidu","?",0,1,"?",0,1
"992",434,120,"sni","?",0,1,"?",0,1
"993",434,184,"dEsna","?",0,1,"?",0,1
"994",435,93,"blixus","?",0,1,"?",0,1
"995",435,95,"lOm","?",0,1,"?",0,1
"996",435,100,"dEsna","?",0,1,"?",0,1
"997",435,106,"nOl","?",0,1,"nard",0,0.75
"998",435,111,"fub","bidum",0,0.8,"?",0,1
"999",435,118,"nif","?",0,1,"?",0,1
"1000",435,120,"blOf","?",0,1,"kikr",0,1
"1001",439,187,"flabun","?",0,1,"?",0,1
"1002",441,102,"flidu","?",0,1,"?",0,1
"1003",441,106,"nOl","?",0,1,"?",0,1
"1004",441,108,"flisO","?",0,1,"?",0,1
"1005",444,96,"mOls","?",0,1,"?",0,1
"1006",444,97,"slOxu","?",0,1,"?",0,1
"1007",444,98,"snOf","?",0,1,"?",0,1
"1008",444,99,"nifs","?",0,1,"?",0,1
"1009",444,103,"fub","?",0,1,"?",0,1
"1010",444,104,"nif","?",0,1,"?",0,1
"1011",444,106,"smiba","?",0,1,"?",0,1
"1012",444,108,"blixus","?",0,1,"?",0,1
"1013",444,109,"nisx","?",0,1,"?",0,1
"1014",444,110,"xublE","?",0,1,"?",0,1
"1015",444,113,"slinab","?",0,1,"?",0,1
"1016",444,115,"sni","?",0,1,"?",0,1
"1017",444,116,"dOsmu","?",0,1,"?",0,1
"1018",444,118,"lOm","?",0,1,"?",0,1
"1019",444,119,"blim","?",0,1,"?",0,1
"1020",444,120,"bismi","?",0,1,"?",0,1
"1021",451,93,"bismi","?",0,1,"?",0,1
"1022",451,94,"nisx","?",0,1,"?",0,1
"1023",451,96,"dOsmu","?",0,1,"?",0,1
"1024",451,100,"dEsna","?",0,1,"?",0,1
"1025",451,103,"blim","?",0,1,"?",0,1
"1026",451,104,"blixus","?",0,1,"?",0,1
"1027",451,108,"nif","?",0,1,"?",0,1
"1028",451,109,"flidu","?",0,1,"?",0,1
"1029",451,112,"sxifi","?",0,1,"?",0,1
"1030",451,115,"nOflE","?",0,1,"?",0,1
"1031",451,118,"bOlf","?",0,1,"?",0,1
"1032",451,119,"flOb","?",0,1,"?",0,1
"1033",452,107,"mif","*",NA,NA,"?",0,1
"1034",456,92,"sxifi","?",0,1,"?",0,1
"1035",456,97,"dOsmu","?",0,1,"?",0,1
"1036",456,104,"nOflE","blas",0,1,"?",0,1
"1037",458,95,"blixus","ju",0,0.833333,"?",0,1
"1038",458,109,"smOdu","?",0,1,"?",0,1
"1039",470,119,"dOsmu","?",0,1,"?",0,1
"1040",472,221,"klusim","?",0,1,"OiEa",0,1
"1041",475,91,"mOls","?",0,1,"?",0,1
"1042",475,92,"bismi","?",0,1,"?",0,1
"1043",475,93,"bOlf","?",0,1,"?",0,1
"1044",475,94,"lOm","?",0,1,"?",0,1
"1045",475,96,"flOb","?",0,1,"?",0,1
"1046",475,98,"xublE","?",0,1,"?",0,1
"1047",475,99,"flidu","?",0,1,"?",0,1
"1048",475,100,"dEsna","?",0,1,"?",0,1
"1049",475,101,"slinab","?",0,1,"?",0,1
"1050",475,102,"fub","?",0,1,"?",0,1
"1051",475,103,"slOxu","?",0,1,"?",0,1
"1052",475,104,"snibOl","?",0,1,"?",0,1
"1053",475,105,"sxifi","?",0,1,"?",0,1
"1054",475,106,"snOf","?",0,1,"?",0,1
"1055",475,108,"nif","?",0,1,"?",0,1
"1056",475,109,"fOns","?",0,1,"?",0,1
"1057",475,110,"nOl","?",0,1,"?",0,1
"1058",475,111,"blOf","?",0,1,"?",0,1
"1059",475,112,"blim","?",0,1,"?",0,1
"1060",475,113,"smiba","?",0,1,"?",0,1
"1061",475,114,"blixus","?",0,1,"?",0,1
"1062",475,115,"dOsmu","?",0,1,"?",0,1
"1063",475,116,"nifs","?",0,1,"?",0,1
"1064",475,117,"nisx","?",0,1,"?",0,1
"1065",475,118,"mif","?",0,1,"?",0,1
"1066",475,119,"nOflE","?",0,1,"?",0,1
"1067",475,120,"dOf","?",0,1,"?",0,1
"1068",475,205,"dEsna","?",0,1,"?",0,1
"1069",475,216,"dikla","?",0,1,"if",0,0.8
"1070",475,222,"mab","?",0,1,"?",0,1
"1071",477,102,"flisO","?",0,1,"?",0,1
"1072",478,91,"slOxu","?",0,1,"?",0,1
"1073",478,94,"mif","?",0,1,"?",0,1
"1074",478,96,"flOb","?",0,1,"?",0,1
"1075",478,98,"flisO","?",0,1,"?",0,1
"1076",478,99,"snibOl","?",0,1,"?",0,1
"1077",478,101,"sxifi","?",0,1,"?",0,1
"1078",478,103,"sni","?",0,1,"?",0,1
"1079",478,104,"mOls","?",0,1,"?",0,1
"1080",478,105,"blOf","?",0,1,"?",0,1
"1081",478,106,"snOf","?",0,1,"?",0,1
"1082",478,108,"nOflE","?",0,1,"?",0,1
"1083",478,109,"fOns","?",0,1,"?",0,1
"1084",478,110,"slinab","?",0,1,"?",0,1
"1085",478,111,"xublE","?",0,1,"?",0,1
"1086",478,112,"bismi","?",0,1,"?",0,1
"1087",478,115,"lOm","?",0,1,"?",0,1
"1088",478,116,"smiba","?",0,1,"?",0,1
"1089",478,117,"smOdu","?",0,1,"?",0,1
"1090",478,119,"nifs","?",0,1,"?",0,1
"1091",478,196,"slinab","?",0,1,"?",0,1
"1092",478,200,"blEkus","?",0,1,"?",0,1
"1093",478,202,"flidu","?",0,1,"?",0,1
"1094",478,205,"snibOl","?",0,1,"?",0,1
"1095",481,92,"slinab","?",0,1,"?",0,1
"1096",481,95,"dOsmu","?",0,1,"?",0,1
"1097",481,96,"dOf","?",0,1,"?",0,1
"1098",481,98,"slOxu","?",0,1,"?",0,1
"1099",481,101,"snibOl","?",0,1,"?",0,1
"1100",481,102,"blim","?",0,1,"?",0,1
"1101",481,105,"nif","?",0,1,"?",0,1
"1102",481,107,"mOls","?",0,1,"?",0,1
"1103",481,109,"nisx","?",0,1,"?",0,1
"1104",481,110,"xublE","?",0,1,"?",0,1
"1105",481,111,"smiba","?",0,1,"?",0,1
"1106",481,112,"fOns","?",0,1,"?",0,1
"1107",481,113,"sxifi","?",0,1,"?",0,1
"1108",481,114,"blOf","?",0,1,"?",0,1
"1109",481,116,"nOflE","?",0,1,"?",0,1
"1110",481,117,"sni","?",0,1,"?",0,1
"1111",481,118,"mif","?",0,1,"?",0,1
"1112",481,119,"flisO","?",0,1,"?",0,1
"1113",481,182,"klufE","?",0,1,"?",0,1
"1114",495,91,"dOsmu","?",0,1,"?",0,1
"1115",495,92,"fub","?",0,1,"?",0,1
"1116",495,95,"blim","?",0,1,"?",0,1
"1117",495,96,"slinab","?",0,1,"tila",0,0.666667
"1118",495,97,"flidu","?",0,1,"?",0,1
"1119",495,99,"blOf","?",0,1,"?",0,1
"1120",495,100,"flisO","?",0,1,"?",0,1
"1121",495,101,"dEsna","Onka",0,0.8,"?",0,1
"1122",495,102,"nifs","?",0,1,"cala",0,1
"1123",495,103,"snOf","?",0,1,"?",0,1
"1124",495,104,"xublE","?",0,1,"?",0,1
"1125",495,106,"nOflE","?",0,1,"?",0,1
"1126",495,107,"mif","?",0,1,"?",0,1
"1127",495,108,"smiba","?",0,1,"?",0,1
"1128",495,109,"fOns","?",0,1,"?",0,1
"1129",495,111,"flOb","?",0,1,"?",0,1
"1130",495,112,"nisx","?",0,1,"?",0,1
"1131",495,113,"smOdu","?",0,1,"?",0,1
"1132",495,114,"mOls","?",0,1,"?",0,1
"1133",495,116,"nif","?",0,1,"?",0,1
"1134",495,118,"nOl","?",0,1,"?",0,1
"1135",495,119,"snibOl","?",0,1,"?",0,1
"1136",495,181,"dEsna","?",0,1,"?",0,1
"1137",495,182,"luskO","?",0,1,"?",0,1
"1138",495,183,"dikla","?",0,1,"?",0,1
"1139",495,186,"skOnEf","?",0,1,"?",0,1
"1140",495,188,"klEb","?",0,1,"?",0,1
"1141",495,189,"bEsmi","?",0,1,"?",0,1
"1142",495,191,"flEsOd","?",0,1,"?",0,1
"1143",495,193,"mOls","?",0,1,"?",0,1
"1144",495,194,"flidu","?ads",0,0.8,"?",0,1
"1145",495,195,"dasmu","?",0,1,"?",0,1
"1146",495,196,"klusim","?",0,1,"?",0,1
"1147",495,198,"skub","?",0,1,"?",0,1
"1148",495,200,"smiba","?",0,1,"?",0,1
"1149",495,202,"flabun","?",0,1,"?",0,1
"1150",495,204,"fOns","?",0,1,"?",0,1
"1151",495,205,"skEfi","?",0,1,"?",0,1
"1152",495,206,"nOflE","?",0,1,"?",0,1
"1153",495,208,"smadu","?",0,1,"?",0,1
"1154",495,211,"suld","?",0,1,"?",0,1
"1155",495,213,"mif","?",0,1,"?",0,1
"1156",495,214,"snibOl","?",0,1,"?",0,1
"1157",495,216,"blEkus","?",0,1,"?",0,1
"1158",495,217,"nifs","?",0,1,"?",0,1
"1159",495,218,"klufE","?",0,1,"?",0,1
"1160",495,219,"klOda","?",0,1,"?",0,1
"1161",495,220,"mab","?",0,1,"?",0,1
"1162",499,93,"nifs","?",0,1,"?",0,1
"1163",499,95,"blOf","?",0,1,"?",0,1
"1164",499,96,"blixus","?",0,1,"?",0,1
"1165",499,97,"nif","?",0,1,"?",0,1
"1166",499,98,"bOlf","?",0,1,"?",0,1
"1167",499,108,"sxifi","?",0,1,"?",0,1
"1168",499,109,"bismi","?",0,1,"?",0,1
"1169",499,110,"lOm","?",0,1,"?",0,1
"1170",499,111,"xublE","?",0,1,"?",0,1
"1171",499,112,"snibOl","?",0,1,"?",0,1
"1172",499,113,"fOns","?",0,1,"?",0,1
"1173",499,114,"dOf","?",0,1,"?",0,1
"1174",499,115,"nOflE","?",0,1,"?",0,1
"1175",499,116,"smiba","?",0,1,"?",0,1
"1176",499,117,"smOdu","?",0,1,"?",0,1
"1177",499,118,"flisO","?",0,1,"?",0,1
"1178",499,119,"dEsna","?",0,1,"?",0,1
"1179",499,181,"nifs","?",0,1,"?",0,1
"1180",499,182,"klufE","?",0,1,"?",0,1
"1181",499,183,"nOflE","?",0,1,"?",0,1
"1182",499,184,"bEsmi","?",0,1,"?",0,1
"1183",499,186,"flabun","?",0,1,"?",0,1
"1184",499,187,"blEkus","?",0,1,"?",0,1
"1185",499,188,"klOda","?",0,1,"?",0,1
"1186",499,189,"luskO","?",0,1,"?",0,1
"1187",499,191,"fOns","?",0,1,"?",0,1
"1188",499,192,"daf","?",0,1,"?",0,1
"1189",499,194,"skub","?",0,1,"?",0,1
"1190",499,195,"slinab","?",0,1,"?",0,1
"1191",499,196,"dEsna","?",0,1,"?",0,1
"1192",499,197,"mab","?",0,1,"?",0,1
"1193",499,198,"flEsOd","?",0,1,"?",0,1
"1194",499,200,"dOlk","?",0,1,"?",0,1
"1195",499,201,"skOnEf","?",0,1,"?",0,1
"1196",499,203,"snibOl","?",0,1,"?",0,1
"1197",499,204,"balf","?",0,1,"?",0,1
"1198",499,205,"nEsk","?",0,1,"?",0,1
"1199",499,208,"nal","?",0,1,"?",0,1
"1200",499,210,"kublE","?",0,1,"?",0,1
"1201",499,211,"klusim","?",0,1,"?",0,1
"1202",499,212,"skEfi","?",0,1,"?",0,1
"1203",499,213,"slOku","?",0,1,"?",0,1
"1204",499,215,"lOm","?",0,1,"?",0,1
"1205",499,216,"dikla","?",0,1,"?",0,1
"1206",499,217,"klEb","?",0,1,"?",0,1
"1207",499,218,"smadu","?",0,1,"?",0,1
"1208",499,220,"nEf","?",0,1,"?",0,1
"1209",499,221,"suld","?",0,1,"?",0,1
"1210",502,97,"nOflE","?",0,1,"?",0,1
"1211",502,102,"dEsna","?",0,1,"?",0,1
"1212",502,105,"blim","?",0,1,"?",0,1
"1213",502,110,"nif","?",0,1,"?",0,1
"1214",504,91,"smiba","pas",0,1,"?",0,1
"1215",504,93,"flisO","pa",0,1,"?",0,1
"1216",504,95,"mOls","pa",0,1,"?",0,1
"1217",504,96,"xublE","?",0,1,"?",0,1
"1218",504,98,"dOf","?",0,1,"?",0,1
"1219",504,99,"sxifi","?",0,1,"?",0,1
"1220",504,100,"nOl","?",0,1,"?",0,1
"1221",504,101,"fub","?",0,1,"?",0,1
"1222",504,102,"blOf","bl",0,0.5,"?",0,1
"1223",504,103,"dOsmu","?",0,1,"?",0,1
"1224",504,104,"snibOl","?",0,1,"?",0,1
"1225",504,105,"sni","?",0,1,"?",0,1
"1226",504,106,"smOdu","?",0,1,"?",0,1
"1227",504,107,"dEsna","?",0,1,"?",0,1
"1228",504,108,"nisx","?",0,1,"?",0,1
"1229",504,109,"snOf","?",0,1,"?",0,1
"1230",504,111,"blim","?",0,1,"?",0,1
"1231",504,112,"lOm","?",0,1,"?",0,1
"1232",504,114,"slOxu","?",0,1,"?",0,1
"1233",504,115,"flidu","?",0,1,"?",0,1
"1234",504,116,"bismi","?",0,1,"?",0,1
"1235",504,118,"blixus","?",0,1,"?",0,1
"1236",504,120,"nif","?",0,1,"?",0,1
"1237",506,91,"slinab","?",0,1,"?",0,1
"1238",506,104,"smiba","tri",0,0.8,"?",0,1
"1239",506,115,"nisx","?",0,1,"nix",0,0.25
"1240",506,193,"klOda","?",0,1,"?",0,1
"1241",506,201,"flOb","*",NA,NA,"?",0,1
"1242",506,206,"snOf","*",NA,NA,"?",0,1
"1243",506,207,"suld","*",NA,NA,"?",0,1
"1244",506,209,"bEsmi","*",NA,NA,"?",0,1
"1245",506,210,"flabun","*",NA,NA,"?",0,1
"1246",506,211,"skEfi","*",NA,NA,"?",0,1
"1247",507,91,"sxifi","?",0,1,"?",0,1
"1248",507,92,"nisx","?",0,1,"?",0,1
"1249",507,94,"bOlf","?",0,1,"?",0,1
"1250",507,96,"flOb","?",0,1,"?",0,1
"1251",507,98,"blim","?",0,1,"?",0,1
"1252",507,100,"nOflE","?",0,1,"?",0,1
"1253",507,101,"smiba","?",0,1,"?",0,1
"1254",507,103,"bismi","?",0,1,"?",0,1
"1255",507,104,"slinab","?",0,1,"?",0,1
"1256",507,105,"xublE","?",0,1,"?",0,1
"1257",507,108,"sni","?",0,1,"?",0,1
"1258",507,109,"nifs","?",0,1,"?",0,1
"1259",507,110,"nif","?",0,1,"?",0,1
"1260",507,113,"mif","?",0,1,"?",0,1
"1261",507,114,"fOns","?",0,1,"?",0,1
"1262",507,116,"nOl","?",0,1,"?",0,1
"1263",507,118,"dOsmu","?",0,1,"?",0,1
"1264",507,120,"blixus","?",0,1,"?",0,1
"1265",507,181,"skEfi","?",0,1,"?",0,1
"1266",507,183,"suld","?",0,1,"?",0,1
"1267",507,185,"dOlk","?",0,1,"?",0,1
"1268",507,186,"dikla","?",0,1,"?",0,1
"1269",507,187,"mif","?",0,1,"?",0,1
"1270",507,195,"blim","?",0,1,"?",0,1
"1271",507,199,"daf","?",0,1,"?",0,1
"1272",507,205,"skub","?",0,1,"?",0,1
"1273",507,207,"dasmu","?",0,1,"?",0,1
"1274",507,212,"slOku","?",0,1,"?",0,1
"1275",507,213,"kublE","?",0,1,"?",0,1
"1276",507,214,"mab","?",0,1,"?",0,1
"1277",507,216,"balf","?",0,1,"?",0,1
"1278",507,217,"skOnEf","?",0,1,"?",0,1
"1279",507,218,"bEsmi","?",0,1,"?",0,1
"1280",507,219,"luskO","?",0,1,"?",0,1
"1281",512,93,"mif","is",0,0.666667,"?",0,1
"1282",512,94,"mOls","Os",0,0.5,"?",0,1
"1283",512,97,"nisx","bOs",0,0.75,"?",0,1
"1284",518,93,"sni","xa",0,1,"x",0,1
"1285",520,97,"nOflE","?",0,1,"sl",0,0.8
"1286",525,93,"dOsmu","?",0,1,"?",0,1
"1287",525,95,"nOflE","?",0,1,"?",0,1
"1288",525,97,"nOl","?",0,1,"?",0,1
"1289",525,98,"sni","?",0,1,"?",0,1
"1290",525,99,"flidu","?",0,1,"?",0,1
"1291",525,100,"slinab","?",0,1,"?",0,1
"1292",525,102,"lOm","?",0,1,"?",0,1
"1293",525,103,"snOf","?",0,1,"?",0,1
"1294",525,104,"bOlf","?",0,1,"?",0,1
"1295",525,105,"smiba","?",0,1,"?",0,1
"1296",525,106,"blim","?",0,1,"?",0,1
"1297",525,107,"sxifi","?",0,1,"?",0,1
"1298",525,108,"xublE","?",0,1,"?",0,1
"1299",525,109,"flOb","?",0,1,"?",0,1
"1300",525,110,"dEsna","?",0,1,"?",0,1
"1301",525,111,"slOxu","?",0,1,"?",0,1
"1302",525,112,"nisx","?",0,1,"?",0,1
"1303",525,113,"fub","?",0,1,"?",0,1
"1304",525,114,"dOf","?",0,1,"?",0,1
"1305",525,115,"mif","?",0,1,"?",0,1
"1306",525,117,"flisO","?",0,1,"?",0,1
"1307",525,118,"fOns","?",0,1,"?",0,1
"1308",525,119,"blixus","?",0,1,"?",0,1
"1309",525,120,"nifs","?",0,1,"?",0,1
"1310",528,99,"nif","?",0,1,"Ef",0,0.666667
"1311",528,109,"nisx","?",0,1,"?",0,1
"1312",532,101,"dOsmu","?",0,1,"rbbbb",0,1
"1313",532,103,"blixus","?",0,1,"bEbOb",0,0.833333
"1314",532,110,"dEsna","?",0,1,"?",0,1
"1315",532,111,"smiba","?",0,1,"xasaa",0,0.8
"1316",532,112,"nisx","?",0,1,"?",0,1
"1317",532,113,"dOf","?",0,1,"dlub",0,0.75
"1318",532,114,"lOm","?",0,1,"?",0,1
"1319",532,115,"snOf","?",0,1,"?",0,1
"1320",532,118,"nOflE","?",0,1,"?",0,1
"1321",532,119,"bismi","?",0,1,"?",0,1
"1322",532,120,"nifs","?",0,1,"?",0,1
"1323",532,193,"flabun","?",0,1,"flOblOblOb",0,0.7
"1324",532,206,"klEb","?",0,1,"kalababla",0,0.666667
"1325",532,208,"blim","?",0,1,"bnEbElEn",0,0.75
"1326",534,92,"flOb","?",0,1,"?",0,1
"1327",534,94,"nEf","?",0,1,"?",0,1
"1328",534,95,"fub","?",0,1,"?",0,1
"1329",534,96,"nEsk","?",0,1,"?",0,1
"1330",534,103,"flidu","?",0,1,"?",0,1
"1331",534,104,"slOku","?",0,1,"?",0,1
"1332",534,107,"dEsna","?",0,1,"?",0,1
"1333",534,108,"mif","?",0,1,"?",0,1
"1334",534,109,"blaf","?",0,1,"?",0,1
"1335",534,111,"blim","?",0,1,"?",0,1
"1336",534,113,"snibOl","?",0,1,"?",0,1
"1337",534,117,"flEsOd","?",0,1,"?",0,1
"1338",534,119,"lOm","?",0,1,"?",0,1
"1339",534,120,"nal","?",0,1,"?",0,1
"1340",536,93,"fOns","?",0,1,"?",0,1
"1341",540,192,"dOlk","windOw",0,0.833333,"?",0,1
"1342",545,91,"dasmu","?",0,1,"?",0,1
"1343",545,94,"bEsmi","?",0,1,"?",0,1
"1344",545,96,"smiba","?",0,1,"/",0,1
"1345",545,97,"fOns","?",0,1,"?",0,1
"1346",545,98,"nEf","?",0,1,"?",0,1
"1347",545,102,"snOf","?",0,1,"?",0,1
"1348",545,104,"blim","?",0,1,"?",0,1
"1349",545,106,"mOls","?",0,1,"?",0,1
"1350",545,107,"daf","?",0,1,"?",0,1
"1351",545,108,"dEsna","?",0,1,"?",0,1
"1352",545,109,"nOflE","?",0,1,"?",0,1
"1353",545,110,"smadu","?",0,1,"?",0,1
"1354",545,111,"nifs","?",0,1,"?",0,1
"1355",545,112,"flidu","?",0,1,"?",0,1
"1356",545,113,"slinab","?",0,1,"?",0,1
"1357",545,116,"mif","?",0,1,"?",0,1
"1358",545,117,"flEsOd","?",0,1,"?",0,1
"1359",545,119,"skEfi","?",0,1,"?",0,1
"1360",545,120,"blaf","?",0,1,"?",0,1
"1361",550,92,"nifs","?",0,1,"?",0,1
"1362",550,94,"nOflE","?",0,1,"?",0,1
"1363",550,95,"slinab","?",0,1,"?",0,1
"1364",550,96,"kublE","?",0,1,"?",0,1
"1365",550,97,"mOls","?",0,1,"?",0,1
"1366",550,100,"mif","?",0,1,"?",0,1
"1367",550,102,"flidu","?",0,1,"?",0,1
"1368",550,107,"smiba","ba",0,0.6,"?",0,1
"1369",550,108,"fub","?",0,1,"?",0,1
"1370",550,109,"blEkus","?",0,1,"?",0,1
"1371",550,110,"smadu","?",0,1,"?",0,1
"1372",550,113,"dEsna","?",0,1,"?",0,1
"1373",550,114,"dasmu","?",0,1,"?",0,1
"1374",550,115,"daf","?",0,1,"?",0,1
"1375",550,117,"nEf","?",0,1,"?",0,1
"1376",550,118,"blaf","?",0,1,"?",0,1
"1377",550,119,"bEsmi","?",0,1,"?",0,1
"1378",550,181,"dasmu","?",0,1,"?",0,1
"1379",550,184,"dikla","?",0,1,"?",0,1
"1380",550,186,"snOf","?",0,1,"?",0,1
"1381",550,188,"klusim","spOd",0,1,"?",0,1
"1382",550,190,"nifs","?",0,1,"?",0,1
"1383",550,191,"blaf","?",0,1,"?",0,1
"1384",550,192,"flEsOd","?",0,1,"?",0,1
"1385",550,193,"smiba","?",0,1,"?",0,1
"1386",550,194,"skOnEf","?",0,1,"?",0,1
"1387",550,195,"flidu","?",0,1,"?",0,1
"1388",550,201,"kublE","?",0,1,"?",0,1
"1389",550,204,"klufE","?",0,1,"?",0,1
"1390",550,209,"balf","bu",0,0.75,"?",0,1
"1391",550,211,"klOda","?",0,1,"?",0,1
"1392",550,213,"luskO","?",0,1,"?",0,1
"1393",550,214,"klEb","?",0,1,"?",0,1
"1394",550,215,"mOls","?",0,1,"?",0,1
"1395",550,216,"skEfi","?",0,1,"?",0,1
"1396",550,217,"snid","?",0,1,"?",0,1
"1397",550,218,"nEf","?",0,1,"?",0,1
"1398",550,219,"flOb","?",0,1,"?",0,1
"1399",550,221,"dEsna","?",0,1,"?",0,1
"1400",550,222,"slOku","?",0,1,"?",0,1
"1401",555,91,"smOdu","blixu",0,0.8,"?",0,1
"1402",555,102,"blOf","?",0,1,"?",0,1
"1403",555,103,"dOsmu","?",0,1,"?",0,1
"1404",555,106,"bOlf","?",0,1,"?",0,1
"1405",555,108,"flOb","?",0,1,"?",0,1
"1406",555,110,"snibOl","?",0,1,"?",0,1
"1407",555,113,"nif","?",0,1,"?",0,1
"1408",555,114,"slOxu","?",0,1,"?",0,1
"1409",555,117,"slinab","?",0,1,"?",0,1
"1410",555,118,"mif","?",0,1,"?",0,1
"1411",555,119,"mOls","?",0,1,"?",0,1
"1412",557,95,"snOf","?",0,1,"?",0,1
